number,record_type,status,time_open,num_assignees,num_comments,total_reactions,positive_reactions,negative_reactions,positive_buzzwords,negative_buzzwords
101632,pr,closed,13,2,1,0,0,0,0,0
101595,pr,closed,15,2,0,0,0,0,1,0
101590,pr,closed,7,2,0,0,0,0,0,0
101581,pr,closed,14,2,3,0,0,0,0,0
101545,issue,closed,84,3,2,0,0,0,0,2
101533,pr,closed,10,2,0,0,0,0,0,0
101445,pr,closed,28,1,1,1,0,1,0,0
101364,pr,closed,23,1,0,0,0,0,0,0
101363,pr,closed,28,1,0,0,0,0,0,0
101257,issue,open,,1,6,0,0,0,0,0
101208,pr,closed,2,2,1,0,0,0,0,2
101197,pr,closed,21,1,3,1,1,0,0,0
101195,pr,closed,0,1,0,0,0,0,0,0
101167,issue,closed,0,2,4,0,0,0,0,0
101110,pr,closed,97,2,6,1,1,0,0,0
101097,pr,closed,97,2,8,1,1,0,5,2
101093,pr,closed,29,1,0,2,2,0,0,0
101086,issue,closed,75,2,2,0,0,0,0,0
101049,pr,closed,65,2,5,0,0,0,0,0
101046,pr,closed,0,2,2,1,1,0,0,0
100968,pr,closed,5,1,0,0,0,0,0,1
100959,pr,closed,40,2,7,8,8,0,0,0
100947,issue,closed,25,1,3,0,0,0,0,0
100939,pr,closed,6,1,2,1,1,0,0,1
100897,pr,closed,0,1,1,0,0,0,0,0
100849,issue,closed,130,1,4,0,0,0,0,1
100678,pr,closed,2,1,4,1,1,0,0,0
100565,pr,closed,14,1,13,2,2,0,12,10
100459,pr,closed,42,2,5,0,0,0,0,0
100393,pr,closed,2,2,0,0,0,0,0,0
100351,pr,closed,2,2,3,1,0,1,0,1
100348,pr,closed,8,2,1,0,0,0,0,0
100323,pr,closed,4,2,0,0,0,0,0,0
100304,pr,closed,2,2,1,1,1,0,0,0
100261,pr,closed,75,2,1,0,0,0,0,0
100249,issue,closed,240,2,5,0,0,0,0,0
100245,pr,closed,75,2,1,0,0,0,0,0
100244,pr,closed,34,2,0,0,0,0,0,0
100193,pr,closed,59,1,5,4,4,0,0,0
100126,pr,closed,238,1,14,15,15,0,2,4
100118,pr,closed,83,2,0,0,0,0,1,0
99854,pr,closed,1,1,0,0,0,0,0,0
99853,pr,closed,103,2,5,3,3,0,2,0
99803,pr,closed,0,2,1,0,0,0,0,0
99789,issue,closed,262,1,1,1,0,1,0,0
99759,pr,closed,5,1,1,1,1,0,0,0
99750,pr,closed,111,2,23,6,6,0,5,1
99743,pr,closed,1,1,1,1,1,0,0,0
99681,pr,closed,5,1,0,0,0,0,0,0
99679,pr,closed,2,0,0,0,0,0,0,0
99616,pr,closed,0,2,0,0,0,0,0,0
99553,pr,closed,74,2,3,0,0,0,0,0
99512,pr,closed,0,1,0,0,0,0,0,0
99301,pr,closed,19,1,1,0,0,0,0,0
99285,pr,closed,0,2,1,0,0,0,0,1
99279,pr,closed,0,2,1,0,0,0,0,0
99272,issue,closed,5,0,15,0,0,0,0,0
99266,pr,closed,0,4,2,0,0,0,0,0
99149,pr,closed,2,2,0,0,0,0,0,1
99102,pr,closed,4,1,0,0,0,0,0,0
99031,issue,closed,0,2,0,0,0,0,0,1
99016,pr,closed,1,0,0,0,0,0,0,0
98864,pr,closed,5,1,3,1,1,0,0,1
98858,issue,closed,75,2,1,0,0,0,0,0
98841,pr,closed,15,1,0,1,1,0,0,0
98827,pr,closed,118,1,23,3,3,0,0,10
98714,issue,closed,16,2,2,0,0,0,0,0
98664,pr,closed,148,1,4,1,0,1,0,1
98632,pr,closed,12,2,0,0,0,0,0,1
98612,pr,closed,4,1,0,0,0,0,0,0
98610,pr,closed,11,1,0,0,0,0,0,1
98591,pr,closed,1,1,0,0,0,0,0,0
98590,pr,closed,4,1,1,0,0,0,0,1
98577,pr,closed,1,2,1,0,0,0,0,1
98574,pr,closed,1,1,1,1,1,0,0,1
98562,pr,closed,0,1,3,0,0,0,2,0
98559,issue,closed,13,3,2,0,0,0,0,0
98553,pr,closed,1,1,6,0,0,0,0,0
98529,pr,closed,2,2,0,0,0,0,0,0
98457,pr,closed,2,2,1,0,0,0,0,0
98439,pr,closed,106,1,18,2,2,0,0,4
98421,pr,closed,8,1,1,0,0,0,0,0
98409,pr,closed,3,1,0,0,0,0,0,0
98403,pr,closed,181,2,4,0,0,0,2,0
98398,pr,closed,3,2,3,4,4,0,1,1
98392,pr,closed,8,2,0,0,0,0,0,0
98391,pr,closed,158,2,3,1,1,0,1,0
98324,pr,closed,17,4,1,0,0,0,0,0
98253,pr,closed,4,2,0,0,0,0,0,0
98238,pr,closed,4,2,3,2,2,0,0,0
98219,pr,closed,5,2,0,0,0,0,0,0
98214,pr,open,,1,9,3,3,0,1,0
98192,pr,closed,4,1,0,0,0,0,0,0
98164,pr,closed,4,1,0,0,0,0,0,0
98095,pr,closed,0,1,0,0,0,0,0,0
97938,pr,closed,3,1,0,0,0,0,0,0
97768,pr,closed,19,1,3,0,0,0,0,0
97726,pr,closed,110,2,4,2,2,0,0,0
97695,pr,closed,4,1,0,0,0,0,0,0
97643,pr,closed,30,1,4,1,1,0,0,0
97606,pr,closed,0,0,0,0,0,0,0,0
97538,pr,closed,8,2,1,1,1,0,0,0
97393,issue,closed,11,1,4,1,1,0,0,0
97303,pr,closed,0,1,0,0,0,0,0,0
97207,pr,closed,9,2,1,0,0,0,0,0
97205,issue,closed,5,1,10,0,0,0,0,2
97194,pr,closed,138,1,7,1,1,0,0,0
97076,pr,closed,44,1,8,8,8,0,1,1
96974,pr,closed,45,2,7,2,2,0,0,4
96929,pr,closed,144,1,6,1,1,0,0,0
96833,pr,open,,1,4,0,0,0,0,0
96822,pr,open,,1,33,7,6,1,0,0
96791,pr,closed,7,2,1,0,0,0,0,0
96716,pr,closed,134,1,1,0,0,0,0,0
96640,pr,closed,40,2,3,0,0,0,0,0
96488,pr,closed,26,2,0,0,0,0,0,0
96480,pr,closed,2,1,0,0,0,0,0,0
96421,pr,closed,31,1,2,0,0,0,2,0
96329,pr,closed,0,2,1,1,1,0,1,0
96321,pr,closed,4,1,3,0,0,0,0,0
96298,pr,closed,1,2,1,0,0,0,0,0
96269,pr,closed,3,1,4,1,1,0,0,0
96265,issue,closed,7,1,3,0,0,0,0,6
96253,pr,closed,5,2,1,1,1,0,0,0
96240,pr,closed,4,1,0,0,0,0,0,0
96239,pr,closed,4,1,0,0,0,0,0,0
96238,issue,closed,101,2,3,0,0,0,0,1
96231,pr,closed,4,1,19,4,4,0,5,5
96205,pr,closed,4,2,2,0,0,0,0,0
96115,pr,closed,33,1,31,10,10,0,0,7
96058,pr,closed,6,1,3,3,3,0,0,0
95957,pr,closed,10,2,0,0,0,0,0,0
95845,pr,closed,8,1,1,0,0,0,0,0
95837,pr,closed,102,1,6,3,3,0,0,3
95834,pr,closed,4,2,0,0,0,0,0,0
95824,pr,closed,7,1,17,25,25,0,3,2
95782,issue,closed,80,1,9,0,0,0,0,0
95761,pr,closed,8,2,5,2,1,1,0,2
95736,issue,closed,149,1,4,0,0,0,0,0
95693,pr,closed,2,1,1,1,1,0,0,0
95623,pr,closed,49,1,7,1,1,0,0,0
95609,issue,closed,131,0,6,2,2,0,0,1
95513,pr,closed,4,1,1,0,0,0,0,0
95488,issue,closed,78,2,1,0,0,0,0,0
95438,issue,closed,82,1,13,0,0,0,0,0
95433,pr,closed,1,1,0,1,1,0,0,0
95357,pr,closed,87,1,9,6,6,0,0,2
95349,pr,closed,2,1,2,0,0,0,0,2
95331,pr,closed,27,1,0,2,2,0,0,0
95310,pr,closed,1,1,2,0,0,0,0,0
95307,pr,closed,2,2,0,0,0,0,0,0
95297,issue,closed,38,2,0,0,0,0,0,2
95291,pr,closed,0,2,1,0,0,0,0,0
95288,pr,closed,3,1,0,0,0,0,0,0
95227,pr,closed,2,2,0,0,0,0,0,0
95222,pr,closed,3,1,1,0,0,0,0,1
95182,pr,closed,0,2,0,0,0,0,0,0
95181,pr,closed,4,1,0,0,0,0,0,0
95180,pr,closed,1,2,0,0,0,0,0,1
95179,pr,closed,0,1,1,0,0,0,0,0
95178,pr,closed,0,1,0,1,1,0,0,0
95177,pr,closed,0,1,0,0,0,0,0,0
95176,pr,closed,4,1,1,0,0,0,0,0
95140,pr,closed,78,2,1,0,0,0,0,0
95132,pr,closed,61,1,1,0,0,0,0,0
95128,issue,closed,373,1,7,3,2,1,0,0
95032,pr,closed,0,1,0,0,0,0,0,0
95015,issue,closed,11,1,1,0,0,0,0,0
94977,pr,closed,8,2,2,0,0,0,0,0
94976,pr,closed,18,2,0,0,0,0,0,0
94975,pr,closed,14,2,0,0,0,0,0,0
94966,pr,closed,1,1,3,1,1,0,0,0
94935,issue,open,,1,7,0,0,0,0,2
94913,pr,closed,0,2,0,0,0,0,0,0
94877,pr,closed,4,1,1,1,1,0,0,1
94862,issue,closed,48,2,0,0,0,0,0,0
94850,pr,closed,0,2,0,0,0,0,0,1
94846,pr,closed,0,2,0,0,0,0,0,0
94844,issue,closed,3,2,4,0,0,0,0,1
94821,pr,closed,0,1,0,0,0,0,0,0
94814,pr,closed,5,1,2,2,2,0,0,0
94799,pr,closed,0,1,0,0,0,0,0,0
94763,pr,closed,0,2,0,0,0,0,0,0
94742,issue,closed,75,1,2,0,0,0,0,0
94739,pr,closed,0,1,0,0,0,0,0,0
94730,pr,closed,1,1,0,0,0,0,0,0
94721,pr,closed,0,1,0,0,0,0,0,0
94712,pr,closed,1,2,0,0,0,0,0,0
94707,pr,closed,0,1,0,0,0,0,0,0
94672,pr,closed,7,1,0,0,0,0,0,1
94661,pr,closed,0,2,0,0,0,0,0,0
94647,pr,closed,0,1,0,0,0,0,0,1
94624,issue,closed,162,3,1,3,1,2,0,1
94588,pr,closed,2,2,0,0,0,0,0,0
94559,issue,closed,126,1,6,0,0,0,0,1
94489,pr,closed,4,1,1,0,0,0,0,0
94244,pr,closed,179,1,3,1,1,0,0,0
94119,pr,closed,30,1,12,6,6,0,0,0
94025,pr,closed,5,2,0,0,0,0,0,0
93775,pr,closed,2,1,0,0,0,0,0,0
93654,issue,closed,11,2,0,0,0,0,0,0
93639,pr,closed,38,1,1,3,3,0,0,0
93632,issue,closed,25,1,1,1,1,0,0,1
93626,pr,closed,38,1,2,1,1,0,0,2
93625,pr,closed,1,1,0,1,1,0,0,0
93619,pr,closed,0,1,0,0,0,0,0,0
93611,issue,closed,5,0,1,0,0,0,0,0
93539,pr,closed,176,2,1,3,3,0,0,0
93515,pr,closed,2,1,0,0,0,0,0,0
93457,pr,closed,0,2,0,0,0,0,0,0
93383,pr,closed,127,1,0,0,0,0,0,0
93288,pr,closed,1,2,3,6,6,0,0,0
93224,pr,closed,0,2,0,0,0,0,0,0
93150,issue,closed,247,1,1,0,0,0,0,0
93123,pr,closed,4,1,0,0,0,0,0,0
93080,issue,closed,75,1,2,0,0,0,0,1
93041,pr,closed,0,2,0,0,0,0,0,0
92967,issue,closed,430,2,8,0,0,0,0,0
92965,pr,closed,5,1,1,0,0,0,0,1
92937,pr,closed,0,2,0,0,0,0,0,0
92720,pr,closed,2,1,0,0,0,0,0,0
92711,issue,closed,12,2,3,0,0,0,0,0
92683,pr,closed,4,2,5,1,1,0,0,3
92662,pr,closed,4,2,0,0,0,0,0,1
92643,pr,closed,8,2,5,6,6,0,0,0
92642,pr,closed,4,2,0,1,1,0,0,0
92590,pr,closed,5,1,2,0,0,0,0,0
92564,pr,closed,4,2,5,2,2,0,0,0
92555,pr,closed,2,2,5,7,7,0,0,1
92545,pr,closed,2,3,2,0,0,0,0,1
92452,pr,closed,2,1,0,0,0,0,0,0
92429,pr,closed,2,1,2,0,0,0,0,0
92406,pr,closed,30,1,20,6,6,0,0,2
92397,issue,closed,127,1,13,0,0,0,0,2
92377,issue,closed,7,1,8,0,0,0,0,0
92358,pr,closed,1,1,0,0,0,0,0,0
92355,pr,closed,93,1,0,0,0,0,0,0
92345,pr,closed,3,2,1,0,0,0,0,0
92344,pr,closed,6,2,1,1,1,0,0,1
92342,issue,closed,6,2,1,0,0,0,0,0
92334,pr,closed,117,3,78,28,28,0,6,18
92329,pr,closed,4,2,0,0,0,0,0,0
92323,pr,closed,4,1,0,0,0,0,0,0
92207,pr,closed,1,1,3,1,1,0,0,0
92181,pr,closed,2,2,4,0,0,0,0,0
92163,issue,closed,12,2,12,3,3,0,0,0
92155,pr,closed,82,1,0,0,0,0,0,0
92115,pr,closed,25,1,0,0,0,0,0,0
92099,pr,closed,2,1,0,0,0,0,0,0
92060,pr,closed,2,2,0,0,0,0,0,0
92040,pr,closed,2,2,0,0,0,0,0,0
92031,issue,closed,14,2,5,3,3,0,0,0
92021,issue,closed,9,1,2,0,0,0,0,1
91943,pr,closed,26,1,3,0,0,0,0,1
91901,pr,closed,8,1,3,1,1,0,0,0
91855,pr,closed,4,1,1,2,2,0,0,0
91816,pr,closed,26,2,2,1,1,0,0,0
91799,issue,closed,0,1,0,0,0,0,0,0
91779,pr,closed,6,1,10,8,8,0,0,6
91752,pr,closed,2,2,2,0,0,0,0,0
91724,pr,closed,2,2,2,2,2,0,0,0
91618,pr,closed,2,2,1,1,1,0,0,0
91520,pr,closed,6,2,9,3,3,0,2,2
91478,pr,closed,0,3,0,0,0,0,0,0
91374,pr,closed,12,2,0,0,0,0,0,0
91352,pr,closed,0,1,0,0,0,0,0,0
91322,issue,closed,0,1,0,0,0,0,0,0
91287,pr,closed,0,0,0,0,0,0,0,0
91192,issue,closed,3,1,1,0,0,0,0,0
91122,pr,closed,1,1,4,0,0,0,0,0
91098,pr,closed,13,2,6,0,0,0,0,0
91095,issue,closed,91,2,13,0,0,0,0,0
91024,pr,closed,90,2,8,2,2,0,0,1
90984,pr,closed,0,1,0,0,0,0,0,0
90855,pr,closed,1,1,0,0,0,0,0,0
90771,pr,closed,2,2,0,0,0,0,0,0
90764,issue,closed,7,2,0,0,0,0,0,0
90753,pr,closed,12,1,3,1,1,0,0,0
90681,pr,closed,6,2,0,0,0,0,0,0
90608,issue,closed,2,0,0,0,0,0,0,2
90589,pr,closed,2,1,0,4,4,0,0,0
90462,issue,closed,108,1,6,0,0,0,0,1
90414,pr,closed,3,2,0,0,0,0,0,0
90408,pr,closed,0,1,0,1,0,1,0,0
90392,pr,closed,4,2,0,0,0,0,0,0
90345,pr,closed,19,1,2,0,0,0,0,0
90304,pr,closed,35,1,4,0,0,0,0,0
90298,pr,closed,105,1,5,4,3,1,1,0
90288,pr,closed,2,1,0,1,1,0,0,0
90272,issue,open,,7,5,5,5,0,2,0
90257,pr,closed,74,2,5,1,0,1,0,0
90242,pr,closed,0,1,0,2,1,1,0,0
90199,pr,closed,0,2,0,0,0,0,0,1
90095,issue,closed,4,1,2,0,0,0,0,0
90079,pr,closed,0,1,2,0,0,0,0,2
90074,issue,closed,37,2,0,0,0,0,0,1
90060,pr,closed,6,2,22,4,4,0,0,0
90044,pr,closed,6,2,3,0,0,0,0,1
90025,pr,closed,4,1,10,12,12,0,2,0
90021,pr,closed,8,1,0,2,2,0,0,0
89933,pr,closed,32,1,7,0,0,0,1,0
89906,pr,closed,318,2,0,0,0,0,0,0
89896,pr,closed,164,2,6,1,1,0,1,1
89880,pr,closed,2,2,1,3,3,0,0,0
89765,pr,closed,150,1,5,0,0,0,0,0
89756,pr,closed,5,2,0,1,1,0,0,0
89748,pr,closed,5,2,3,3,3,0,0,0
89598,pr,closed,2,1,0,0,0,0,0,0
89472,pr,closed,2,2,5,0,0,0,0,0
89470,pr,closed,1,1,0,0,0,0,0,0
89421,pr,closed,11,1,0,0,0,0,0,0
89380,pr,closed,4,1,1,0,0,0,0,0
89350,issue,closed,63,2,5,0,0,0,0,0
89344,pr,closed,7,1,0,2,2,0,0,0
89233,issue,closed,7,1,18,0,0,0,0,0
89226,pr,closed,3,2,2,0,0,0,0,0
89215,issue,closed,16,2,3,0,0,0,0,2
89022,issue,open,,1,1,1,0,1,1,0
88875,pr,closed,35,1,18,9,9,0,2,2
88829,pr,closed,1,2,0,0,0,0,0,0
88828,pr,closed,2,1,2,0,0,0,0,0
88827,pr,closed,31,2,2,1,0,1,0,0
88824,pr,closed,67,2,2,1,1,0,0,0
88812,issue,closed,114,4,5,0,0,0,0,1
88721,pr,closed,19,2,4,0,0,0,1,1
88636,issue,closed,118,2,3,0,0,0,0,0
88584,pr,closed,17,1,15,9,7,2,0,1
88554,pr,closed,3,1,1,0,0,0,0,0
88543,pr,closed,3,1,0,0,0,0,0,0
88540,pr,closed,0,2,6,1,1,0,0,0
88529,pr,closed,0,2,0,0,0,0,0,0
88438,pr,closed,3,2,0,0,0,0,0,1
88374,issue,closed,125,1,2,0,0,0,0,0
88358,pr,closed,22,1,1,0,0,0,0,0
88333,issue,closed,42,1,4,0,0,0,0,3
88206,issue,closed,86,1,1,0,0,0,0,0
88143,pr,closed,5,1,0,0,0,0,0,0
88098,issue,closed,11,1,3,0,0,0,0,0
88009,issue,closed,6,1,2,0,0,0,0,0
88005,pr,closed,2,0,0,1,1,0,0,0
87821,pr,closed,145,1,3,1,1,0,0,0
87782,pr,closed,4,0,0,4,4,0,0,1
87686,pr,closed,0,1,0,0,0,0,0,0
87674,pr,closed,5,2,3,1,1,0,0,0
87669,pr,closed,111,2,6,2,2,0,0,0
87617,pr,closed,0,2,0,1,1,0,0,0
87552,pr,closed,0,3,1,2,2,0,0,0
87415,pr,closed,6,1,6,0,0,0,0,3
87402,issue,closed,214,0,1,0,0,0,0,0
87285,pr,closed,2,1,7,2,2,0,0,0
87190,pr,closed,2,0,1,0,0,0,0,0
87154,pr,closed,8,2,2,2,2,0,0,0
87150,issue,closed,493,1,4,1,0,1,1,0
87118,pr,closed,0,2,0,0,0,0,0,0
87110,pr,closed,4,2,3,0,0,0,0,1
87083,pr,closed,530,1,25,19,19,0,0,6
87081,pr,closed,4,1,1,3,2,1,0,0
87002,pr,closed,6,2,5,2,2,0,0,0
86982,issue,closed,6,1,1,0,0,0,3,0
86958,pr,closed,6,2,6,0,0,0,0,3
86900,pr,closed,17,1,2,1,1,0,3,0
86876,pr,closed,0,1,0,0,0,0,0,0
86866,pr,closed,0,2,0,0,0,0,0,0
86852,pr,closed,8,1,3,6,6,0,0,0
86757,pr,closed,0,3,0,1,1,0,0,0
86684,issue,closed,159,2,5,0,0,0,0,0
86668,pr,closed,2,2,0,0,0,0,0,0
86660,pr,closed,0,1,0,0,0,0,0,0
86626,pr,closed,0,1,1,2,2,0,0,0
86591,pr,closed,1,2,0,0,0,0,1,0
86583,pr,closed,2,1,0,0,0,0,0,0
86489,pr,closed,4,1,0,0,0,0,0,0
86393,pr,closed,11,2,0,0,0,0,0,0
86391,pr,closed,1,1,0,0,0,0,0,0
86390,pr,closed,7,2,0,0,0,0,0,0
86389,pr,closed,11,1,1,0,0,0,0,1
86359,pr,closed,1,2,2,3,3,0,0,2
86355,pr,closed,2,1,0,0,0,0,0,0
86345,pr,closed,2,2,0,0,0,0,0,0
86341,pr,closed,2,2,0,0,0,0,0,0
86320,pr,closed,1,2,0,0,0,0,0,0
86290,pr,closed,16,1,4,1,1,0,0,0
86270,pr,closed,0,1,0,0,0,0,0,0
86269,pr,closed,2,2,0,0,0,0,0,0
86200,pr,closed,2,1,0,0,0,0,0,1
86129,pr,closed,12,1,1,1,1,0,0,0
86124,pr,closed,4,2,0,0,0,0,0,0
86072,issue,closed,21,1,1,0,0,0,0,0
86053,pr,closed,5,2,0,0,0,0,0,1
86021,issue,closed,6,2,3,0,0,0,0,0
85988,pr,closed,0,2,0,0,0,0,0,1
85986,pr,closed,8,2,2,0,0,0,0,0
85984,pr,closed,16,1,7,1,0,1,2,0
85961,pr,closed,2,2,1,0,0,0,0,0
85907,pr,closed,84,1,5,4,4,0,0,0
85897,pr,closed,0,1,0,0,0,0,0,0
85889,pr,closed,2,2,0,0,0,0,0,0
85873,pr,closed,2,1,0,0,0,0,0,0
85866,pr,closed,14,2,0,0,0,0,0,0
85652,pr,closed,8,1,27,7,7,0,0,6
85651,pr,closed,2,1,1,1,1,0,0,0
85630,pr,closed,8,2,0,0,0,0,0,0
85524,pr,closed,2,2,0,0,0,0,0,0
85464,pr,closed,5,1,1,0,0,0,0,1
85454,pr,closed,138,1,2,0,0,0,0,0
85309,pr,closed,9,0,2,0,0,0,0,0
85191,pr,closed,17,2,1,0,0,0,0,1
85165,pr,closed,5,3,0,0,0,0,0,0
85156,pr,closed,2,0,4,0,0,0,0,0
85145,pr,closed,13,2,2,0,0,0,0,0
85142,issue,closed,0,3,2,0,0,0,1,0
85140,pr,closed,77,2,5,0,0,0,1,1
85038,pr,closed,2,2,0,0,0,0,0,0
85020,issue,closed,137,2,4,0,0,0,0,0
84977,issue,closed,74,2,3,0,0,0,0,4
84948,pr,closed,4,2,0,0,0,0,0,0
84871,pr,closed,2,2,1,1,1,0,0,0
84800,pr,closed,17,1,11,9,9,0,0,3
84668,pr,closed,0,1,0,0,0,0,0,2
84658,pr,closed,2,1,0,0,0,0,0,1
84646,pr,closed,7,2,5,1,1,0,1,0
84645,pr,closed,6,2,0,0,0,0,0,0
84596,pr,closed,139,1,3,0,0,0,0,0
84551,pr,closed,0,1,0,0,0,0,0,0
84510,pr,closed,4,2,0,0,0,0,0,0
84413,issue,closed,221,2,0,0,0,0,0,0
84363,issue,closed,1,1,1,0,0,0,0,1
84340,issue,closed,8,1,2,0,0,0,0,0
84337,pr,closed,2,2,1,0,0,0,0,0
84305,pr,closed,0,2,28,12,12,0,0,1
84273,pr,closed,0,2,0,0,0,0,0,0
84247,pr,closed,2,2,1,0,0,0,0,0
84178,pr,closed,79,2,0,0,0,0,0,0
84177,pr,closed,100,2,1,0,0,0,0,0
84059,pr,closed,0,2,1,0,0,0,0,0
84058,pr,closed,2,2,0,0,0,0,0,1
84025,issue,closed,154,1,2,0,0,0,0,2
84024,pr,closed,1,1,1,1,1,0,0,0
83964,issue,closed,416,1,13,9,9,0,3,0
83911,issue,open,,0,1,1,0,1,0,0
83850,pr,closed,3,1,1,0,0,0,0,0
83839,pr,closed,162,2,4,7,7,0,1,5
83808,pr,closed,72,2,1,0,0,0,0,0
83764,issue,closed,20,1,5,0,0,0,1,1
83737,issue,closed,7,1,5,1,0,1,0,0
83715,pr,closed,102,2,2,1,0,1,0,0
83601,pr,closed,263,2,5,1,1,0,0,1
83593,pr,closed,2,0,2,3,3,0,0,1
83407,pr,closed,4,1,4,3,3,0,0,0
83379,pr,closed,31,1,3,0,0,0,0,0
83337,pr,closed,3,0,0,0,0,0,0,0
83328,pr,closed,2,2,1,0,0,0,0,1
83303,pr,closed,43,1,8,2,2,0,0,2
83190,pr,closed,20,1,6,8,8,0,0,2
83177,issue,open,,2,0,5,5,0,1,0
83176,pr,closed,30,1,2,4,4,0,0,0
83149,pr,closed,20,1,5,2,2,0,0,0
83117,pr,closed,31,1,20,16,15,1,3,9
83107,pr,closed,2,1,11,1,1,0,2,3
83088,issue,closed,104,1,3,0,0,0,0,1
83078,pr,closed,72,2,1,0,0,0,0,0
83009,pr,closed,0,2,0,0,0,0,0,0
83007,issue,open,,2,1,3,3,0,0,0
82937,pr,closed,0,1,0,0,0,0,0,0
82703,issue,closed,62,1,2,0,0,0,0,0
82689,pr,closed,0,2,1,0,0,0,0,0
82688,issue,closed,12,1,2,0,0,0,0,0
82670,issue,open,,1,0,4,4,0,2,0
82641,pr,closed,10,2,3,1,1,0,0,0
82639,pr,closed,4,2,1,0,0,0,0,0
82624,pr,closed,6,2,1,0,0,0,0,1
82505,pr,closed,17,1,0,0,0,0,0,0
82432,pr,closed,36,2,0,0,0,0,0,0
82403,issue,closed,276,1,7,0,0,0,0,2
82358,issue,closed,1,2,1,0,0,0,1,3
82230,pr,closed,4,1,2,1,1,0,0,0
82141,pr,closed,0,2,2,1,1,0,0,0
82031,issue,closed,17,2,3,0,0,0,0,0
81894,pr,closed,26,1,6,1,1,0,0,0
81716,issue,closed,210,2,3,0,0,0,0,0
81652,issue,closed,6,1,2,1,1,0,0,0
81615,pr,closed,190,3,4,0,0,0,0,0
81595,issue,closed,0,1,0,0,0,0,0,0
81545,issue,closed,84,2,1,0,0,0,0,1
81544,pr,closed,82,2,2,0,0,0,0,0
81543,issue,closed,9,2,1,0,0,0,0,2
81542,pr,closed,75,2,1,0,0,0,0,0
81529,pr,closed,0,2,0,0,0,0,0,0
81463,pr,closed,0,2,2,1,1,0,0,2
81461,pr,closed,0,2,2,0,0,0,0,0
81429,issue,closed,0,1,1,0,0,0,2,0
81428,pr,closed,0,1,1,1,1,0,0,0
81427,pr,closed,6,1,3,0,0,0,0,0
81418,pr,closed,0,2,0,0,0,0,0,1
81412,issue,closed,0,1,1,2,2,0,0,0
81411,pr,closed,0,1,0,0,0,0,0,0
81407,issue,closed,12,0,1,0,0,0,0,1
81330,pr,closed,0,2,1,0,0,0,0,0
81327,pr,closed,0,2,0,0,0,0,0,0
81291,pr,closed,0,1,0,0,0,0,0,0
81253,issue,closed,1,2,3,0,0,0,0,0
81205,pr,closed,0,2,0,0,0,0,0,0
81204,pr,closed,0,2,0,0,0,0,0,0
81182,pr,closed,2,1,0,0,0,0,0,0
81156,issue,closed,12,1,2,0,0,0,1,0
81149,pr,closed,5,2,0,0,0,0,0,0
81146,pr,closed,76,1,1,0,0,0,0,0
81127,pr,closed,0,2,2,0,0,0,0,0
81114,pr,closed,0,2,0,0,0,0,0,0
81108,pr,closed,1,1,8,1,1,0,0,6
81092,pr,closed,19,1,3,1,1,0,0,0
81022,pr,closed,0,2,0,0,0,0,0,0
80992,pr,closed,2,1,10,2,1,1,0,2
80962,pr,closed,1,2,1,0,0,0,0,0
80945,pr,closed,1,2,0,0,0,0,0,0
80912,pr,closed,1,2,1,0,0,0,0,0
80904,pr,closed,2,1,0,1,1,0,0,1
80900,pr,closed,1,1,0,1,1,0,0,1
80859,pr,closed,2,2,8,5,5,0,0,2
80849,pr,closed,1,2,0,0,0,0,0,1
80830,pr,closed,2,2,0,0,0,0,0,0
80782,pr,closed,22,1,24,10,10,0,2,1
80781,issue,closed,101,2,6,1,0,1,0,2
80753,pr,closed,3,1,1,0,0,0,0,1
80751,pr,closed,4,1,0,0,0,0,0,0
80738,issue,open,,3,3,0,0,0,0,1
80696,pr,closed,36,1,3,0,0,0,0,1
80690,issue,closed,20,1,8,0,0,0,0,0
80689,pr,closed,7,1,2,0,0,0,0,0
80625,pr,closed,16,1,3,0,0,0,0,0
80620,pr,closed,2,2,0,0,0,0,0,0
80609,pr,closed,2,1,0,0,0,0,0,0
80516,pr,closed,7,1,3,2,2,0,0,1
80484,pr,closed,1,2,0,0,0,0,0,0
80456,pr,closed,0,1,2,0,0,0,0,2
80454,pr,closed,5,2,0,0,0,0,1,0
80430,pr,closed,10,2,0,0,0,0,0,0
80416,issue,open,,1,0,0,0,0,0,0
80376,pr,closed,4,1,0,1,1,0,0,0
80300,issue,closed,16,1,0,0,0,0,0,0
80286,pr,closed,1,2,0,0,0,0,0,0
80103,pr,closed,15,1,1,0,0,0,1,0
80101,pr,closed,10,2,0,0,0,0,0,0
80099,pr,closed,1,2,10,2,2,0,1,3
80086,pr,closed,78,2,0,0,0,0,0,0
80080,pr,closed,4,2,0,0,0,0,0,0
80005,issue,closed,4,2,0,0,0,0,0,0
79994,pr,closed,4,2,7,3,3,0,0,0
79980,pr,closed,4,2,0,0,0,0,0,1
79943,pr,closed,14,2,4,1,1,0,0,0
79912,issue,closed,644,1,0,0,0,0,0,0
79825,issue,closed,377,1,1,0,0,0,0,0
79792,pr,closed,2,2,0,0,0,0,1,0
79791,issue,closed,2,2,0,0,0,0,1,0
79767,pr,closed,10,2,1,0,0,0,0,0
79754,pr,closed,130,1,8,4,3,1,1,1
79708,pr,closed,4,2,1,0,0,0,0,1
79695,pr,closed,0,2,0,0,0,0,0,0
79670,pr,closed,5,2,8,5,5,0,0,1
79621,issue,open,,1,4,0,0,0,0,0
79573,pr,closed,22,1,0,0,0,0,0,0
79571,pr,closed,2,1,2,3,3,0,0,0
79535,issue,closed,88,2,2,0,0,0,0,0
79483,issue,closed,63,1,4,0,0,0,0,1
79447,pr,closed,59,1,1,0,0,0,0,0
79442,issue,closed,657,2,2,0,0,0,0,1
79406,pr,closed,4,2,0,0,0,0,0,0
79351,pr,closed,425,2,17,0,0,0,0,0
79318,issue,closed,81,1,2,0,0,0,0,0
79272,pr,closed,2,1,0,0,0,0,0,0
79182,issue,closed,3,1,1,0,0,0,0,0
79171,pr,closed,50,2,7,0,0,0,0,3
79160,pr,closed,11,1,19,16,16,0,2,5
79148,pr,closed,45,2,1,2,2,0,0,0
79045,pr,closed,0,2,0,0,0,0,0,0
78983,pr,closed,13,1,9,1,1,0,0,3
78974,issue,closed,289,1,4,0,0,0,0,0
78939,issue,closed,0,1,4,0,0,0,2,0
78914,pr,closed,42,1,7,2,2,0,0,1
78815,issue,closed,66,2,3,0,0,0,0,0
78803,issue,open,,0,1,0,0,0,0,0
78800,pr,closed,4,1,0,1,1,0,0,0
78713,issue,closed,6,2,2,0,0,0,0,0
78644,pr,closed,7,2,3,0,0,0,0,0
78593,pr,closed,125,1,3,1,1,0,0,0
78564,pr,closed,6,1,3,1,1,0,0,0
78471,pr,closed,2,2,3,0,0,0,0,0
78469,pr,closed,32,1,2,1,1,0,0,0
78448,pr,closed,15,2,8,1,1,0,0,0
78420,pr,closed,4,2,2,1,0,1,0,1
78382,pr,closed,1,1,5,1,1,0,1,0
78316,pr,closed,4,1,2,0,0,0,0,2
78304,pr,closed,4,1,3,0,0,0,0,1
78266,pr,closed,2,1,2,0,0,0,0,1
78248,issue,closed,675,1,2,0,0,0,0,0
78247,pr,closed,0,1,1,0,0,0,0,12
78245,pr,closed,0,1,0,1,0,1,0,0
78150,issue,closed,1,1,1,0,0,0,0,0
78019,pr,closed,1,2,0,0,0,0,0,0
78016,issue,closed,1,1,1,0,0,0,0,0
77933,pr,closed,2,2,4,7,7,0,1,1
77830,pr,closed,2,1,0,0,0,0,0,0
77825,pr,closed,0,1,0,0,0,0,0,0
77752,pr,closed,13,1,0,3,3,0,0,0
77739,pr,closed,5,1,1,0,0,0,0,0
77737,pr,closed,14,1,8,3,3,0,0,0
77659,pr,closed,41,3,4,1,1,0,0,0
77636,pr,closed,75,2,0,0,0,0,0,0
77478,pr,closed,26,1,5,5,5,0,1,0
77465,pr,closed,182,2,10,9,7,2,0,0
77463,pr,closed,6,2,1,0,0,0,0,0
77400,pr,closed,31,1,2,0,0,0,0,0
77396,issue,closed,4,1,0,1,1,0,0,0
77357,pr,closed,0,1,0,0,0,0,0,1
77294,issue,closed,20,2,3,0,0,0,0,0
77264,pr,closed,2,1,2,0,0,0,1,0
77254,pr,closed,2,2,0,0,0,0,0,0
77233,pr,closed,2,2,0,0,0,0,0,0
77149,issue,closed,4,1,0,0,0,0,0,0
77147,pr,closed,20,2,1,0,0,0,0,0
77118,issue,closed,67,2,6,0,0,0,0,0
77115,pr,closed,4,1,0,0,0,0,0,0
77076,pr,closed,7,1,2,0,0,0,0,0
77066,pr,closed,2,1,1,2,2,0,0,0
77023,pr,closed,5,1,0,0,0,0,0,0
76991,pr,closed,2,1,0,0,0,0,0,2
76953,pr,closed,159,1,8,2,2,0,0,1
76890,pr,closed,4,2,3,2,2,0,0,0
76870,pr,closed,4,1,3,1,1,0,0,0
76849,pr,closed,8,2,0,0,0,0,0,0
76827,pr,closed,0,1,0,0,0,0,0,0
76811,issue,closed,9,1,3,0,0,0,0,2
76783,pr,closed,39,1,9,3,3,0,0,0
76741,issue,closed,6,1,2,0,0,0,0,0
76695,issue,closed,7,3,2,0,0,0,0,2
76694,issue,closed,8,1,2,0,0,0,0,2
76685,issue,closed,31,2,4,0,0,0,0,1
76578,issue,closed,45,1,1,1,1,0,0,0
76571,pr,closed,8,2,1,1,1,0,0,0
76507,pr,closed,2,1,3,0,0,0,0,0
76495,pr,closed,0,2,0,0,0,0,0,1
76440,pr,closed,2,2,0,0,0,0,0,1
76439,pr,closed,2,2,0,0,0,0,0,0
76433,issue,closed,1,1,1,0,0,0,0,1
76419,pr,closed,38,2,5,1,1,0,0,1
76384,issue,closed,108,2,4,0,0,0,0,1
76344,pr,closed,2,2,1,1,1,0,0,0
76342,pr,closed,4,2,1,0,0,0,0,0
76337,pr,closed,42,1,3,3,3,0,0,0
76329,pr,closed,5,1,2,1,1,0,0,0
76267,pr,closed,0,1,0,0,0,0,0,0
76232,pr,closed,3,1,0,0,0,0,0,0
76223,pr,closed,1,1,1,0,0,0,0,0
76222,pr,closed,75,1,26,4,4,0,0,11
76161,pr,closed,0,1,3,2,2,0,0,0
76117,pr,closed,1,1,1,0,0,0,0,0
76114,pr,closed,4,1,1,0,0,0,0,0
76103,pr,closed,4,1,0,0,0,0,0,0
76083,pr,closed,8,1,0,0,0,0,0,0
76074,pr,closed,77,1,3,0,0,0,0,0
76070,pr,closed,1,1,0,0,0,0,0,0
76047,pr,closed,8,2,0,0,0,0,0,0
76027,pr,closed,104,2,7,4,4,0,0,0
75958,pr,closed,1,2,0,0,0,0,0,0
75953,issue,closed,3,1,1,0,0,0,0,0
75936,pr,closed,2,1,0,0,0,0,0,0
75934,pr,closed,3,1,3,0,0,0,1,0
75929,pr,closed,5,1,0,1,1,0,0,1
75904,pr,closed,42,1,9,20,17,3,3,4
75894,pr,closed,20,2,5,1,1,0,0,0
75892,pr,closed,0,2,0,0,0,0,0,0
75848,issue,closed,110,1,4,0,0,0,0,2
75812,pr,closed,0,2,1,0,0,0,0,0
75798,pr,closed,4,1,1,1,1,0,0,2
75795,issue,closed,112,1,8,0,0,0,0,1
75728,pr,closed,148,1,5,0,0,0,0,1
75699,pr,closed,34,1,3,3,3,0,0,3
75644,pr,closed,28,1,3,1,1,0,0,0
75641,pr,closed,2,1,4,1,0,1,0,0
75566,pr,closed,0,1,0,0,0,0,0,0
75553,issue,closed,4,1,1,0,0,0,0,2
75543,pr,closed,1,1,0,0,0,0,0,0
75457,pr,closed,50,1,3,2,1,1,0,0
75456,pr,closed,4,1,0,0,0,0,0,0
75426,pr,closed,4,1,0,0,0,0,0,0
75381,pr,closed,2,1,0,0,0,0,0,0
75376,pr,closed,7,1,1,0,0,0,0,1
75359,pr,closed,0,1,0,1,1,0,0,1
75354,pr,closed,2,2,1,0,0,0,0,0
75330,pr,closed,410,1,10,6,6,0,1,2
75321,pr,closed,9,1,0,0,0,0,0,1
75315,pr,closed,7,1,2,1,1,0,0,0
75302,pr,closed,2,2,1,0,0,0,0,0
75291,pr,closed,205,1,16,3,3,0,0,10
75284,pr,closed,69,1,16,6,6,0,0,1
75239,pr,closed,0,1,0,0,0,0,0,0
75231,pr,closed,0,1,0,0,0,0,0,0
75221,pr,closed,2,2,0,0,0,0,0,0
75219,pr,closed,11,1,7,4,3,1,0,0
75211,issue,closed,3,3,1,0,0,0,0,0
75181,pr,closed,11,1,9,2,2,0,0,2
75157,pr,closed,4,2,0,0,0,0,0,0
75137,pr,closed,0,1,0,0,0,0,0,0
75126,pr,closed,13,1,10,3,3,0,0,8
75121,issue,closed,250,2,0,0,0,0,1,0
75119,issue,closed,250,2,2,0,0,0,0,0
75115,pr,closed,21,2,3,4,4,0,1,0
75111,pr,closed,0,0,0,0,0,0,0,0
75043,pr,closed,0,2,3,0,0,0,0,0
75036,pr,closed,5,1,0,0,0,0,0,0
75035,pr,closed,2,1,2,1,1,0,0,0
74996,issue,closed,6,1,0,0,0,0,0,1
74966,pr,closed,0,2,0,0,0,0,0,1
74962,pr,closed,3,2,6,0,0,0,0,3
74954,pr,closed,2,2,2,0,0,0,0,0
74928,pr,closed,15,1,4,0,0,0,0,2
74903,pr,closed,0,2,0,0,0,0,0,0
74895,issue,open,,1,7,0,0,0,0,0
74834,pr,closed,17,1,9,4,4,0,1,0
74680,pr,closed,0,1,0,0,0,0,0,0
74669,pr,closed,4,1,6,1,1,0,1,4
74654,pr,closed,0,1,0,0,0,0,0,1
74604,pr,closed,14,1,2,0,0,0,0,0
74603,issue,closed,341,1,3,0,0,0,0,0
74576,pr,closed,27,1,1,1,1,0,0,0
74564,pr,closed,12,1,3,0,0,0,0,0
74557,pr,closed,5,1,0,0,0,0,0,0
74542,pr,closed,1,2,5,0,0,0,0,2
74512,pr,closed,2,2,0,0,0,0,0,0
74506,pr,closed,28,1,6,6,6,0,1,1
74499,pr,closed,2,1,0,0,0,0,0,2
74491,pr,closed,2,1,0,0,0,0,0,0
74484,pr,closed,1,1,0,0,0,0,0,0
74438,pr,closed,0,0,0,0,0,0,0,0
74436,pr,closed,10,1,4,0,0,0,0,0
74405,pr,closed,1,1,0,0,0,0,0,0
74396,pr,closed,93,1,6,1,0,1,0,1
74372,pr,closed,475,1,17,1,1,0,0,0
74343,pr,closed,3,1,0,0,0,0,0,0
74336,pr,closed,4,1,0,0,0,0,0,0
74308,pr,closed,0,1,0,0,0,0,0,0
74301,pr,closed,2,1,0,0,0,0,0,0
74259,pr,closed,11,1,2,2,2,0,0,0
74253,pr,closed,5,1,4,2,2,0,2,0
74193,pr,closed,0,1,0,0,0,0,0,0
74158,issue,closed,5,1,3,0,0,0,0,0
74151,issue,closed,13,1,2,0,0,0,2,2
74107,pr,closed,1,1,0,0,0,0,0,1
74090,pr,closed,1,1,0,0,0,0,0,0
74085,pr,closed,97,1,1,0,0,0,0,0
74047,pr,closed,2,1,0,0,0,0,0,0
74041,issue,closed,2,2,2,0,0,0,0,0
73964,pr,closed,4,1,1,0,0,0,0,1
73948,issue,closed,3,1,7,0,0,0,0,2
73944,issue,closed,381,1,2,0,0,0,0,0
73943,pr,closed,4,1,1,0,0,0,0,0
73942,pr,closed,175,1,3,0,0,0,0,0
73939,pr,closed,4,1,0,0,0,0,0,0
73920,pr,closed,0,1,0,0,0,0,0,0
73839,pr,closed,4,1,0,0,0,0,0,0
73825,pr,closed,1,1,0,0,0,0,0,0
73799,pr,closed,9,1,26,4,4,0,0,4
73796,pr,closed,4,1,0,0,0,0,0,0
73788,pr,closed,1,1,3,0,0,0,0,0
73785,pr,closed,2,1,0,0,0,0,0,0
73743,pr,closed,0,1,0,0,0,0,0,0
73740,pr,closed,1,1,2,1,0,1,0,1
73730,pr,closed,2,1,0,0,0,0,0,3
73691,pr,closed,2,1,1,1,1,0,0,0
73680,issue,closed,58,1,4,0,0,0,0,0
73629,pr,closed,350,1,14,1,1,0,0,2
73611,pr,closed,3,1,0,0,0,0,0,0
73538,pr,closed,0,1,0,0,0,0,0,1
73486,pr,closed,15,1,10,0,0,0,0,0
73465,issue,open,,1,4,0,0,0,0,0
73419,issue,closed,7,1,3,0,0,0,0,0
73409,pr,closed,149,1,3,0,0,0,0,0
73404,issue,open,,2,2,1,0,1,0,2
73241,pr,closed,12,1,6,2,2,0,0,0
73239,pr,closed,18,1,0,0,0,0,0,0
73200,pr,closed,20,1,0,0,0,0,0,0
73190,issue,closed,39,1,1,0,0,0,0,0
73143,issue,closed,288,1,9,0,0,0,0,0
73135,pr,closed,9,1,4,0,0,0,0,1
73132,issue,closed,13,1,6,0,0,0,0,5
73048,pr,closed,0,1,0,0,0,0,0,0
73047,pr,closed,14,1,14,0,0,0,0,4
72992,pr,closed,2,1,5,1,1,0,0,1
72960,pr,closed,5,1,0,0,0,0,0,1
72808,pr,closed,324,1,20,6,6,0,0,0
72767,pr,closed,2,1,0,0,0,0,0,0
72735,pr,closed,2,1,1,2,2,0,0,0
72689,pr,closed,13,1,0,0,0,0,0,0
72634,issue,closed,585,0,2,1,1,0,0,0
72607,pr,closed,107,1,8,0,0,0,0,3
72606,pr,closed,1,2,0,0,0,0,0,0
72605,issue,closed,129,1,8,0,0,0,0,0
72515,pr,closed,4,1,8,2,2,0,0,3
72491,issue,closed,0,1,4,0,0,0,0,0
72432,pr,closed,0,0,0,0,0,0,0,1
72387,pr,closed,1,1,0,0,0,0,0,1
72371,pr,closed,3,1,11,2,2,0,2,4
72269,issue,closed,27,1,3,0,0,0,0,1
72255,pr,closed,5,1,0,0,0,0,0,1
72230,issue,closed,829,0,1,0,0,0,0,1
72199,pr,closed,22,1,6,0,0,0,0,0
72142,pr,closed,6,1,1,0,0,0,0,0
72118,pr,closed,225,2,3,0,0,0,0,0
72117,pr,closed,195,1,5,0,0,0,0,4
72038,pr,closed,98,1,4,0,0,0,0,0
72004,pr,closed,4,1,0,0,0,0,0,0
71970,issue,closed,308,2,6,0,0,0,0,1
71953,pr,closed,48,1,4,0,0,0,0,0
71924,pr,closed,4,1,0,0,0,0,1,1
71897,pr,closed,42,1,2,0,0,0,0,0
71837,issue,closed,43,1,2,0,0,0,1,3
71815,pr,closed,0,1,0,0,0,0,0,0
71693,pr,closed,4,1,0,0,0,0,4,1
71668,issue,closed,508,0,1,0,0,0,0,0
71663,pr,closed,4,1,0,1,1,0,0,1
71627,pr,closed,105,2,1,1,1,0,0,0
71580,pr,closed,0,1,0,0,0,0,0,0
71574,issue,open,,1,0,0,0,0,0,0
71524,pr,closed,81,1,1,0,0,0,0,0
71479,issue,closed,59,3,3,0,0,0,0,0
71431,pr,closed,31,1,2,0,0,0,0,1
71418,issue,closed,10,2,2,0,0,0,0,0
71404,issue,closed,11,2,2,0,0,0,0,0
71390,pr,closed,7,1,0,0,0,0,0,1
71243,issue,closed,38,1,2,0,0,0,0,0
71197,issue,closed,1,1,2,0,0,0,0,1
71103,pr,closed,5,1,0,0,0,0,0,0
71101,issue,closed,119,2,2,0,0,0,0,0
71063,pr,closed,7,1,2,0,0,0,0,0
71053,pr,closed,6,1,9,3,3,0,0,2
71028,pr,closed,2,1,0,0,0,0,0,0
70990,issue,closed,108,1,3,0,0,0,0,0
70988,issue,closed,60,1,2,0,0,0,0,1
70966,issue,closed,9,1,5,0,0,0,0,0
70936,issue,closed,17,2,1,0,0,0,0,1
70910,pr,closed,77,1,2,2,2,0,0,0
70904,pr,closed,0,1,0,0,0,0,0,0
70876,pr,closed,6,1,2,0,0,0,0,0
70857,pr,closed,27,1,0,0,0,0,0,0
70717,pr,closed,1,1,0,0,0,0,0,0
70710,issue,closed,74,1,2,0,0,0,0,0
70706,issue,closed,75,2,2,0,0,0,0,0
70679,pr,closed,1,1,7,0,0,0,0,0
70638,pr,closed,2,1,0,0,0,0,0,0
70635,pr,closed,4,1,2,1,1,0,0,1
70609,pr,closed,0,1,1,5,5,0,0,0
70607,pr,closed,4,1,0,0,0,0,0,0
70596,pr,closed,0,1,1,1,1,0,0,0
70581,pr,closed,25,1,10,1,1,0,0,0
70528,pr,closed,1,1,0,0,0,0,0,0
70526,pr,closed,1,1,0,0,0,0,0,0
70391,pr,closed,8,1,1,0,0,0,0,0
70375,pr,closed,2,1,0,0,0,0,0,0
70315,pr,closed,6,1,1,0,0,0,0,0
70199,pr,closed,0,2,0,0,0,0,0,0
70191,pr,closed,148,1,3,1,1,0,0,0
70033,pr,closed,2,1,2,0,0,0,1,0
69995,pr,closed,9,1,6,1,1,0,0,1
69990,issue,closed,104,2,4,0,0,0,0,1
69926,issue,closed,862,1,1,0,0,0,0,3
69925,pr,closed,81,1,7,0,0,0,0,0
69872,pr,closed,74,1,4,0,0,0,0,4
69857,issue,closed,863,2,1,1,1,0,0,0
69802,pr,closed,14,1,1,0,0,0,0,0
69703,pr,closed,0,1,3,1,1,0,0,2
69686,issue,closed,78,1,3,0,0,0,0,0
69628,pr,closed,1,1,1,0,0,0,0,0
69620,pr,closed,1,0,0,0,0,0,0,0
69614,issue,closed,1,2,2,2,2,0,0,0
69542,pr,closed,27,1,0,0,0,0,0,0
69418,pr,closed,1,1,3,0,0,0,0,0
69404,pr,closed,0,1,0,1,1,0,0,0
69403,issue,closed,816,0,0,0,0,0,1,0
69357,pr,closed,4,1,0,0,0,0,0,0
69320,issue,closed,5,0,3,0,0,0,0,0
69289,pr,closed,4,1,0,0,0,0,0,2
69261,pr,closed,0,1,0,0,0,0,0,0
69258,pr,closed,125,1,7,1,1,0,0,0
69213,pr,closed,0,1,0,0,0,0,0,0
69202,pr,closed,0,1,0,0,0,0,0,0
69197,pr,closed,0,1,0,0,0,0,0,0
69192,pr,closed,0,1,0,0,0,0,0,0
69173,pr,closed,0,1,0,0,0,0,0,0
69157,issue,closed,1,1,2,0,0,0,0,0
69152,pr,closed,0,1,0,0,0,0,0,0
69100,pr,closed,1,1,0,0,0,0,0,0
69076,pr,closed,0,1,0,0,0,0,0,0
69030,pr,closed,0,1,1,0,0,0,0,0
68978,issue,closed,136,1,5,0,0,0,0,0
68976,pr,closed,0,1,0,0,0,0,0,0
68912,pr,closed,14,1,3,0,0,0,0,0
68906,pr,closed,1,1,0,0,0,0,0,1
68902,issue,closed,1,2,1,0,0,0,0,1
68833,pr,closed,2,1,0,0,0,0,0,0
68792,pr,closed,18,1,6,2,2,0,0,0
68773,pr,closed,0,1,0,0,0,0,0,1
68500,pr,closed,9,1,0,0,0,0,0,0
68497,issue,closed,140,1,4,0,0,0,0,0
68492,pr,closed,89,1,12,1,1,0,0,0
68441,pr,closed,0,1,0,0,0,0,0,0
68414,pr,closed,26,1,4,0,0,0,0,0
68405,pr,closed,136,1,4,1,0,1,0,0
68329,issue,closed,321,2,12,0,0,0,0,0
68324,pr,closed,290,1,38,3,3,0,3,7
68317,pr,closed,90,0,4,0,0,0,0,1
68288,pr,closed,49,1,4,0,0,0,0,1
68192,pr,closed,16,1,5,1,1,0,0,0
68179,pr,closed,138,1,1,0,0,0,0,0
68176,pr,closed,0,1,1,0,0,0,0,2
68134,pr,closed,0,1,0,0,0,0,0,0
68123,pr,closed,0,1,0,0,0,0,0,0
68082,pr,closed,0,1,0,0,0,0,0,0
68060,pr,closed,0,1,1,0,0,0,0,0
68055,pr,closed,0,1,0,0,0,0,0,0
68051,pr,closed,6,1,0,0,0,0,0,1
68026,pr,closed,0,1,1,0,0,0,0,0
68018,issue,closed,142,1,5,0,0,0,0,0
68010,issue,closed,1,2,7,0,0,0,0,2
68004,pr,closed,7,1,0,1,1,0,1,0
67932,pr,closed,0,1,0,0,0,0,0,0
67923,pr,closed,25,1,0,1,1,0,0,0
67912,pr,closed,3,1,0,0,0,0,0,0
67899,pr,closed,2,1,0,0,0,0,0,0
67882,pr,closed,12,1,2,1,1,0,0,0
67847,pr,closed,3,1,0,0,0,0,0,0
67832,issue,closed,11,1,1,0,0,0,0,1
67820,issue,closed,502,1,4,0,0,0,0,1
67800,issue,closed,79,1,3,0,0,0,0,0
67786,pr,closed,126,1,6,0,0,0,0,1
67732,pr,closed,47,1,2,1,1,0,0,0
67665,issue,open,,2,3,0,0,0,0,0
67607,pr,closed,99,1,4,4,4,0,0,0
67603,pr,closed,2,2,8,2,2,0,0,1
67593,pr,closed,8,1,14,1,1,0,0,0
67584,pr,closed,14,1,5,0,0,0,0,0
67577,pr,closed,145,1,3,0,0,0,0,0
67491,pr,closed,3,1,1,0,0,0,0,0
67435,issue,closed,68,1,3,0,0,0,0,0
67430,pr,closed,0,1,0,0,0,0,0,0
67411,pr,closed,49,1,1,0,0,0,0,0
67406,issue,closed,49,1,3,0,0,0,0,0
67376,issue,closed,171,2,6,0,0,0,0,0
67362,pr,closed,37,1,5,0,0,0,0,2
67342,pr,closed,0,1,0,0,0,0,0,0
67333,pr,closed,105,1,3,1,1,0,0,0
67329,pr,closed,0,1,0,0,0,0,0,0
67308,pr,closed,0,1,0,0,0,0,0,0
67260,pr,closed,0,1,1,0,0,0,0,0
67251,pr,closed,17,1,0,0,0,0,0,0
67247,pr,closed,34,1,3,0,0,0,0,0
67236,pr,closed,2,1,1,1,1,0,0,0
67196,pr,closed,6,1,4,1,1,0,0,0
67187,issue,closed,535,1,6,0,0,0,0,1
67186,issue,closed,4,1,1,0,0,0,0,1
67171,issue,closed,6,1,2,0,0,0,0,0
67169,issue,closed,7,2,3,0,0,0,0,0
67168,issue,closed,5,1,0,0,0,0,0,0
67162,pr,closed,4,0,0,0,0,0,0,0
67122,pr,closed,1,1,0,0,0,0,0,0
67100,issue,closed,142,1,2,0,0,0,0,0
67099,issue,closed,73,1,5,0,0,0,0,0
66981,pr,closed,37,1,1,0,0,0,0,0
66914,pr,closed,9,1,2,0,0,0,1,0
66913,pr,closed,4,1,0,0,0,0,0,0
66912,pr,closed,12,1,0,0,0,0,0,0
66880,issue,closed,81,2,8,0,0,0,0,0
66860,pr,closed,38,1,3,0,0,0,0,0
66731,pr,closed,295,1,6,2,2,0,0,1
66712,pr,closed,1,1,2,0,0,0,0,0
66701,issue,closed,0,1,4,0,0,0,0,0
66676,pr,closed,21,1,13,2,2,0,2,2
66663,pr,closed,0,1,1,0,0,0,0,1
66599,issue,closed,524,1,2,0,0,0,1,0
66597,issue,open,,1,5,0,0,0,0,1
66588,pr,closed,21,1,1,0,0,0,0,0
66552,pr,closed,0,1,0,0,0,0,0,0
66549,pr,closed,74,1,4,0,0,0,0,0
66531,pr,closed,3,1,0,0,0,0,0,0
66530,issue,open,,0,4,3,3,0,1,0
66521,pr,closed,1,2,1,0,0,0,0,2
66495,pr,closed,184,1,25,0,0,0,1,2
66461,issue,closed,2,1,10,0,0,0,0,1
66432,pr,closed,1,1,0,0,0,0,0,2
66426,pr,closed,9,1,3,2,2,0,0,2
66411,issue,closed,6,1,1,0,0,0,0,2
66403,issue,closed,135,2,3,0,0,0,0,0
66294,pr,closed,3,1,0,0,0,0,0,0
66262,pr,closed,36,1,1,1,1,0,0,0
66193,pr,closed,45,1,6,3,3,0,0,0
66182,pr,closed,34,1,8,1,1,0,1,1
66168,pr,closed,1,1,0,0,0,0,0,0
66141,pr,closed,59,1,12,0,0,0,0,3
66117,issue,closed,43,1,1,0,0,0,0,0
66105,pr,closed,0,1,0,0,0,0,0,0
66097,pr,closed,8,0,1,0,0,0,0,0
66094,issue,closed,0,0,4,0,0,0,0,1
66090,pr,closed,0,1,0,0,0,0,0,0
66061,pr,closed,4,1,2,0,0,0,0,2
66037,pr,closed,2,1,0,0,0,0,0,0
66016,issue,closed,88,1,3,0,0,0,0,0
65994,issue,open,,0,4,0,0,0,0,0
65983,issue,closed,3,1,5,0,0,0,0,0
65980,issue,open,,2,7,2,0,2,0,0
65974,issue,open,,2,22,2,2,0,0,4
65917,pr,closed,1,1,0,0,0,0,0,0
65867,pr,closed,40,1,2,0,0,0,0,0
65840,pr,closed,2,1,1,0,0,0,0,0
65768,issue,closed,1,1,0,0,0,0,0,0
65757,pr,closed,1,0,0,0,0,0,0,0
65700,pr,closed,5,1,7,1,1,0,0,0
65692,pr,closed,6,1,3,1,1,0,0,0
65658,pr,closed,2,0,0,0,0,0,0,2
65654,pr,closed,5,1,0,0,0,0,0,0
65653,pr,closed,4,1,0,0,0,0,0,0
65647,pr,closed,12,1,1,1,1,0,0,0
65645,pr,closed,4,1,13,1,1,0,2,2
65644,pr,closed,3,1,0,0,0,0,0,0
65643,pr,closed,14,1,3,1,0,1,0,0
65631,pr,closed,21,1,9,1,1,0,0,0
65565,issue,closed,8,1,0,0,0,0,0,0
65544,pr,closed,1,1,0,0,0,0,0,1
65538,pr,closed,1,1,1,0,0,0,0,0
65510,pr,closed,1,1,0,0,0,0,0,0
65496,pr,closed,18,1,2,0,0,0,0,0
65484,issue,open,,1,4,0,0,0,0,0
65420,pr,closed,2,1,1,0,0,0,0,1
65403,issue,open,,1,0,0,0,0,0,0
65282,issue,closed,189,0,2,4,4,0,0,0
65245,pr,closed,0,1,0,0,0,0,0,0
65241,pr,closed,0,1,0,0,0,0,0,0
65233,pr,closed,0,1,5,1,1,0,0,0
65230,issue,closed,259,1,2,0,0,0,0,1
65213,pr,closed,0,1,1,0,0,0,0,0
65207,pr,closed,48,1,3,0,0,0,0,2
65188,pr,closed,2,1,0,0,0,0,0,0
65185,issue,open,,0,8,0,0,0,1,0
65171,pr,closed,905,1,10,1,1,0,0,0
65133,pr,closed,1,1,4,0,0,0,0,0
65127,issue,closed,273,1,1,0,0,0,0,0
65077,issue,open,,1,1,0,0,0,0,1
65076,pr,closed,3,1,0,0,0,0,0,0
65060,pr,closed,2,1,0,0,0,0,0,1
65057,pr,closed,4,1,4,1,1,0,0,0
65047,issue,closed,0,1,1,0,0,0,0,0
65029,pr,closed,0,1,4,0,0,0,0,0
65026,pr,closed,0,1,0,0,0,0,0,0
65022,issue,open,,1,2,0,0,0,0,0
65007,issue,closed,201,1,4,0,0,0,0,2
65004,pr,closed,0,0,0,0,0,0,0,0
64982,pr,closed,1,1,0,1,1,0,0,1
64980,pr,closed,0,1,0,0,0,0,0,0
64933,pr,closed,5,1,0,1,1,0,0,0
64909,pr,closed,0,1,0,0,0,0,0,0
64906,pr,closed,0,1,0,0,0,0,0,0
64861,pr,closed,2,1,0,0,0,0,0,0
64855,pr,closed,0,1,0,0,0,0,0,1
64848,pr,closed,3,1,0,0,0,0,0,0
64828,issue,closed,202,2,9,0,0,0,0,0
64818,pr,closed,2,1,1,0,0,0,0,0
64763,issue,closed,18,1,2,0,0,0,0,0
64759,issue,closed,217,2,3,0,0,0,0,0
64744,pr,closed,0,1,0,0,0,0,0,0
64726,pr,closed,4,1,2,0,0,0,0,2
64725,pr,closed,0,1,1,1,1,0,1,0
64708,issue,closed,0,2,1,0,0,0,0,0
64706,pr,closed,1,1,3,0,0,0,0,0
64663,pr,closed,2,1,0,0,0,0,0,0
64653,pr,closed,0,1,0,0,0,0,0,0
64652,pr,closed,0,1,2,0,0,0,0,0
64631,pr,closed,21,1,0,0,0,0,0,0
64623,issue,closed,21,1,0,0,0,0,0,2
64595,pr,closed,86,1,7,1,1,0,0,2
64548,pr,closed,0,1,0,0,0,0,0,0
64540,pr,closed,23,1,10,2,2,0,0,0
64507,pr,closed,2,1,0,0,0,0,0,0
64506,pr,closed,2,1,0,0,0,0,0,0
64501,pr,closed,0,1,0,1,1,0,0,0
64496,issue,closed,258,1,7,1,1,0,0,1
64484,pr,closed,3,1,1,0,0,0,0,0
64404,pr,closed,1,1,0,0,0,0,0,0
64356,pr,closed,2,1,2,3,3,0,0,0
64341,pr,closed,6,1,0,0,0,0,0,0
64331,pr,closed,0,1,3,1,1,0,0,0
64327,issue,open,,0,2,0,0,0,0,0
64232,pr,closed,0,1,0,0,0,0,0,0
64202,pr,closed,2,1,0,0,0,0,0,1
64190,pr,closed,0,1,2,0,0,0,0,0
64163,pr,closed,0,1,1,4,4,0,0,0
64146,pr,closed,110,1,10,1,1,0,1,1
64140,pr,closed,0,1,0,0,0,0,0,0
64130,issue,closed,3,2,1,1,0,1,0,0
64118,pr,closed,1,1,0,0,0,0,0,0
64096,pr,closed,0,1,0,0,0,0,0,0
64082,pr,closed,0,1,0,0,0,0,0,1
64080,pr,closed,0,1,0,0,0,0,0,0
64079,pr,closed,0,1,0,0,0,0,0,0
64074,pr,closed,0,1,2,0,0,0,0,0
64071,pr,closed,0,1,0,0,0,0,0,0
64069,issue,open,,0,2,0,0,0,0,0
64059,pr,closed,0,1,0,0,0,0,0,0
64058,pr,closed,0,1,1,0,0,0,0,0
64057,pr,closed,0,1,0,0,0,0,0,0
64056,pr,closed,0,1,0,0,0,0,0,0
64054,pr,closed,0,1,0,0,0,0,0,0
64053,pr,closed,0,1,0,0,0,0,0,0
64050,pr,closed,0,1,0,0,0,0,0,0
64048,pr,closed,0,1,0,0,0,0,0,0
64039,pr,closed,16,1,0,1,1,0,0,1
64037,pr,closed,0,1,0,0,0,0,0,0
64032,pr,closed,0,1,0,0,0,0,0,2
64026,pr,closed,0,1,0,0,0,0,0,0
64021,issue,closed,0,2,3,0,0,0,0,0
64007,pr,closed,0,1,2,5,3,2,0,0
64003,pr,closed,0,1,0,0,0,0,0,1
64000,pr,closed,3,1,0,0,0,0,0,0
63998,pr,closed,141,1,0,0,0,0,0,0
63996,pr,closed,0,2,2,0,0,0,0,0
63995,pr,closed,1,1,0,0,0,0,0,0
63938,pr,closed,0,1,0,0,0,0,0,0
63937,pr,closed,0,1,0,0,0,0,0,0
63933,pr,closed,0,1,0,0,0,0,0,0
63912,pr,closed,112,1,0,0,0,0,0,0
63892,pr,closed,0,1,0,0,0,0,0,0
63867,issue,closed,16,1,0,1,1,0,0,1
63818,pr,closed,0,1,0,0,0,0,0,0
63815,pr,closed,0,1,0,0,0,0,0,0
63785,pr,closed,6,1,1,0,0,0,0,0
63775,pr,closed,0,1,2,1,1,0,0,1
63772,pr,closed,0,1,0,0,0,0,0,0
63767,pr,closed,118,1,11,2,2,0,0,2
63763,pr,closed,0,1,1,0,0,0,0,0
63701,pr,closed,0,1,0,0,0,0,0,0
63692,pr,closed,0,1,4,1,1,0,0,0
63676,pr,closed,7,1,3,1,1,0,0,0
63674,pr,closed,2,1,3,1,1,0,0,0
63672,pr,closed,11,1,2,0,0,0,0,0
63665,issue,closed,15,1,3,0,0,0,0,1
63654,pr,closed,2,1,1,0,0,0,0,0
63653,pr,closed,2,1,1,0,0,0,0,0
63652,pr,closed,14,1,2,0,0,0,0,0
63645,pr,closed,2,1,0,0,0,0,0,0
63641,pr,closed,2,1,0,0,0,0,0,2
63615,pr,closed,0,1,2,0,0,0,0,0
63592,pr,closed,0,1,0,0,0,0,0,0
63587,pr,closed,21,1,4,0,0,0,6,2
63566,pr,closed,0,1,0,0,0,0,0,1
63551,pr,closed,0,1,0,0,0,0,0,0
63523,pr,closed,0,1,0,0,0,0,0,0
63518,issue,closed,0,2,2,0,0,0,0,2
63516,pr,closed,0,1,0,0,0,0,0,0
63510,pr,closed,0,1,0,0,0,0,0,1
63507,pr,closed,2,1,0,0,0,0,0,1
63506,pr,closed,7,1,2,0,0,0,0,0
63480,pr,closed,0,1,2,0,0,0,0,0
63386,pr,closed,2,1,0,0,0,0,0,0
63366,pr,closed,0,1,3,0,0,0,0,0
63356,pr,closed,0,1,0,0,0,0,0,1
63300,pr,closed,0,0,0,1,1,0,0,0
63291,pr,closed,5,1,0,0,0,0,0,0
63233,pr,closed,5,1,0,0,0,0,0,0
63177,pr,closed,4,1,0,0,0,0,0,0
63163,pr,closed,0,0,1,0,0,0,0,0
63146,pr,closed,6,1,1,0,0,0,0,1
63125,pr,closed,5,1,0,0,0,0,0,0
63119,pr,closed,8,1,4,0,0,0,0,2
63118,pr,closed,6,1,4,0,0,0,0,0
63089,pr,closed,1,1,0,0,0,0,0,0
63083,pr,closed,1,1,1,1,1,0,0,0
63077,pr,closed,3,1,2,0,0,0,0,0
63073,pr,closed,0,1,0,0,0,0,0,0
63065,pr,closed,0,1,0,0,0,0,0,0
63054,pr,closed,0,1,0,0,0,0,0,0
63045,pr,closed,0,1,0,0,0,0,0,0
63035,pr,closed,0,1,1,0,0,0,0,0
62987,pr,closed,0,1,0,0,0,0,0,0
62986,pr,closed,2,1,1,0,0,0,0,0
62967,pr,closed,0,1,0,0,0,0,0,0
62947,pr,closed,7,1,5,0,0,0,1,2
62938,pr,closed,4,1,2,0,0,0,2,0
62937,pr,closed,4,1,2,0,0,0,1,2
62914,pr,closed,12,1,2,0,0,0,0,0
62882,pr,closed,60,1,14,7,7,0,0,0
62865,pr,closed,0,1,3,3,3,0,0,1
62853,pr,closed,0,1,0,0,0,0,0,0
62792,pr,closed,0,1,0,0,0,0,0,0
62789,pr,closed,0,1,2,2,2,0,0,1
62785,pr,closed,196,1,4,0,0,0,0,0
62777,pr,closed,1,1,4,1,1,0,0,4
62765,pr,closed,0,1,0,1,1,0,0,0
62748,pr,closed,22,1,4,0,0,0,0,0
62699,pr,closed,0,1,2,1,1,0,0,0
62651,pr,closed,17,1,0,0,0,0,0,0
62648,pr,closed,3,1,0,0,0,0,0,0
62642,pr,closed,1,1,2,0,0,0,0,0
62594,pr,closed,2,1,13,1,1,0,0,7
62506,pr,closed,28,1,9,0,0,0,0,0
62453,issue,closed,380,1,0,0,0,0,0,0
62434,pr,closed,7,1,1,0,0,0,0,1
62379,pr,closed,48,1,7,0,0,0,0,0
62371,pr,closed,180,1,14,0,0,0,0,1
62367,pr,closed,15,1,1,1,1,0,0,0
62362,pr,closed,12,0,0,0,0,0,0,0
62352,pr,closed,14,1,0,0,0,0,0,0
62345,pr,closed,15,1,0,1,1,0,0,0
62336,pr,closed,91,1,34,7,7,0,4,6
62327,issue,closed,43,1,4,1,1,0,0,0
62269,pr,closed,14,1,0,0,0,0,0,0
62268,pr,closed,6,1,1,0,0,0,0,0
62261,pr,closed,3,1,1,0,0,0,0,0
62229,pr,closed,4,1,0,0,0,0,0,0
62207,pr,closed,12,1,0,0,0,0,0,0
62198,pr,closed,953,2,5,2,2,0,0,0
62171,pr,closed,0,1,3,3,3,0,1,0
62122,pr,closed,28,1,0,0,0,0,0,0
62029,pr,closed,7,1,8,3,3,0,1,0
61971,issue,closed,1054,2,3,0,0,0,0,1
61872,pr,closed,0,1,0,0,0,0,0,0
61846,issue,closed,74,1,1,0,0,0,0,1
61800,pr,closed,0,1,0,0,0,0,0,0
61795,pr,closed,0,1,3,2,2,0,0,0
61749,pr,closed,6,1,2,1,1,0,0,0
61722,pr,closed,23,1,1,0,0,0,0,0
61693,pr,closed,2,1,1,2,2,0,0,0
61663,pr,closed,10,1,5,2,2,0,0,0
61661,issue,closed,153,1,8,0,0,0,0,3
61612,pr,closed,32,1,2,0,0,0,0,0
61605,pr,closed,70,1,3,4,4,0,0,1
61604,issue,closed,11,1,1,0,0,0,0,0
61575,pr,closed,42,1,2,0,0,0,0,0
61515,issue,closed,473,1,7,0,0,0,0,2
61505,pr,closed,46,1,22,10,9,1,0,0
61490,pr,closed,34,1,0,0,0,0,0,1
61484,pr,closed,1,1,0,0,0,0,0,0
61447,pr,closed,3,1,1,1,1,0,1,0
61414,pr,closed,281,1,6,3,3,0,2,4
61339,pr,closed,14,1,8,0,0,0,0,0
61326,pr,closed,1,1,3,0,0,0,0,0
61208,issue,closed,1,1,0,0,0,0,0,2
61207,pr,closed,1,1,2,1,1,0,0,1
61171,pr,closed,0,1,2,0,0,0,0,0
61141,pr,closed,149,1,17,8,8,0,0,3
61132,pr,closed,3,1,1,0,0,0,0,0
61111,pr,closed,34,1,8,0,0,0,0,0
61073,pr,closed,89,1,37,12,12,0,1,6
61068,pr,closed,1,1,1,0,0,0,0,0
61060,issue,closed,2,1,0,0,0,0,0,1
61058,pr,closed,6,1,1,0,0,0,0,0
60911,pr,closed,2,1,0,0,0,0,0,0
60902,pr,closed,7,1,0,0,0,0,0,0
60893,pr,closed,0,1,0,0,0,0,0,0
60832,pr,closed,20,1,3,2,2,0,0,0
60769,issue,closed,0,1,5,0,0,0,0,1
60705,pr,closed,54,1,6,3,3,0,0,0
60685,pr,closed,4,1,2,0,0,0,0,0
60647,issue,closed,47,0,1,0,0,0,0,0
60624,issue,closed,0,2,6,0,0,0,0,0
60622,issue,closed,98,1,0,0,0,0,0,0
60590,pr,closed,48,1,0,0,0,0,0,0
60547,issue,closed,0,1,0,0,0,0,0,0
60399,pr,closed,53,1,0,0,0,0,0,0
60372,issue,open,,3,6,1,1,0,0,0
60311,pr,closed,1,1,1,1,1,0,0,0
60301,pr,closed,56,1,9,2,2,0,2,1
60204,pr,closed,253,1,33,14,7,7,2,5
60105,pr,closed,0,1,0,0,0,0,0,0
60060,pr,closed,6,1,0,0,0,0,0,0
60001,pr,closed,1,1,3,2,1,1,0,0
59976,pr,closed,6,1,1,0,0,0,0,0
59975,issue,closed,1,1,1,0,0,0,0,3
59911,pr,closed,3,1,5,1,1,0,1,0
59863,pr,closed,875,2,59,34,34,0,4,29
59842,pr,closed,13,1,7,3,3,0,0,0
59825,pr,closed,93,0,12,2,2,0,0,1
59782,issue,closed,13,1,1,1,1,0,0,1
59742,issue,closed,418,1,0,0,0,0,1,0
59741,issue,closed,92,1,1,0,0,0,0,1
59731,pr,closed,0,1,0,0,0,0,0,1
59713,pr,closed,18,1,0,0,0,0,0,0
59659,pr,closed,2,1,0,0,0,0,0,0
59620,pr,closed,0,1,0,0,0,0,0,0
59570,pr,closed,11,1,5,6,6,0,1,0
59492,issue,closed,29,1,0,0,0,0,0,1
59480,pr,closed,26,1,7,0,0,0,0,0
59447,pr,closed,4,1,0,0,0,0,0,0
59419,pr,closed,0,1,0,0,0,0,0,0
59414,pr,closed,43,1,6,1,1,0,0,0
59404,pr,closed,0,1,4,0,0,0,0,0
59363,issue,closed,0,1,2,0,0,0,0,1
59357,pr,closed,5,1,0,0,0,0,0,1
59353,pr,closed,1,1,0,0,0,0,0,0
59339,pr,closed,14,1,7,0,0,0,2,0
59281,pr,closed,0,1,0,0,0,0,0,0
59247,pr,closed,0,1,1,0,0,0,0,0
59241,pr,closed,0,1,0,0,0,0,0,0
59221,issue,closed,6,0,8,0,0,0,0,1
59206,pr,closed,0,1,0,0,0,0,0,0
59159,pr,closed,0,1,0,0,0,0,0,0
59152,issue,closed,1,1,0,0,0,0,0,2
59118,pr,closed,0,0,0,0,0,0,0,0
59106,pr,closed,0,1,0,0,0,0,0,0
59059,pr,closed,0,1,0,0,0,0,0,0
59053,pr,closed,0,1,0,0,0,0,0,0
59025,pr,closed,112,1,15,0,0,0,4,0
59016,pr,closed,0,1,0,0,0,0,0,0
58919,pr,closed,0,1,0,0,0,0,0,0
58918,pr,closed,0,1,0,0,0,0,0,0
58912,issue,closed,0,1,2,0,0,0,0,0
58885,pr,closed,11,1,2,0,0,0,0,0
58766,pr,closed,2,1,0,0,0,0,0,0
58759,pr,closed,0,1,2,1,1,0,0,0
58749,pr,closed,6,1,0,0,0,0,0,0
58743,pr,closed,0,1,0,0,0,0,0,0
58487,issue,closed,110,2,4,0,0,0,0,0
58453,pr,closed,0,0,8,0,0,0,0,0
58451,pr,closed,3,1,0,0,0,0,0,0
58437,pr,closed,0,1,0,0,0,0,0,0
58405,issue,closed,147,1,4,0,0,0,0,0
58394,issue,closed,225,1,4,0,0,0,1,2
58374,pr,closed,225,1,14,11,10,1,0,2
58353,issue,closed,5,3,0,0,0,0,0,0
58352,pr,closed,0,1,1,0,0,0,0,0
58349,issue,closed,767,1,7,0,0,0,0,1
58252,pr,closed,1,0,1,0,0,0,0,0
58215,pr,closed,9,1,0,0,0,0,0,0
58203,pr,closed,76,1,1,0,0,0,0,0
58101,pr,closed,6,1,0,0,0,0,0,0
58090,pr,closed,0,1,1,0,0,0,1,0
58083,issue,closed,85,1,3,0,0,0,0,0
58046,pr,closed,5,1,7,1,1,0,0,0
58015,pr,closed,64,1,8,0,0,0,0,0
58011,pr,closed,0,1,0,0,0,0,0,0
58006,pr,closed,7,1,1,0,0,0,0,0
58005,pr,closed,0,1,0,0,0,0,0,0
57996,issue,closed,0,0,2,0,0,0,0,0
57994,pr,closed,6,1,7,1,1,0,0,1
57958,pr,closed,5,1,1,0,0,0,0,0
57929,issue,closed,9,1,0,0,0,0,0,2
57928,pr,closed,0,1,1,0,0,0,0,0
57921,pr,closed,7,1,3,0,0,0,0,0
57884,pr,closed,113,1,4,1,1,0,0,0
57840,pr,closed,3,1,2,0,0,0,0,0
57754,pr,closed,13,1,0,0,0,0,0,0
57740,pr,closed,1,1,2,0,0,0,1,1
57633,pr,closed,134,1,1,0,0,0,0,0
57598,pr,closed,17,1,10,1,1,0,1,0
57594,issue,closed,17,0,3,0,0,0,0,2
57589,pr,closed,2,1,0,0,0,0,0,0
57527,pr,closed,82,0,8,0,0,0,2,0
57491,pr,closed,1,0,0,0,0,0,0,0
57488,pr,closed,22,1,0,0,0,0,0,1
57390,pr,closed,114,1,7,0,0,0,2,0
57343,pr,closed,11,1,11,4,4,0,0,4
57292,pr,closed,12,1,4,0,0,0,0,0
57227,pr,closed,23,1,3,1,1,0,0,0
57187,pr,closed,58,1,2,0,0,0,0,0
57117,pr,closed,35,1,41,11,11,0,0,10
57108,pr,closed,0,1,1,0,0,0,0,0
57105,pr,closed,3,1,0,0,0,0,0,0
57100,pr,closed,3,1,0,0,0,0,0,0
57086,pr,closed,162,0,44,35,29,6,2,10
57075,issue,closed,13,1,0,0,0,0,0,0
57069,issue,closed,402,1,7,1,1,0,0,0
57023,pr,closed,0,1,1,0,0,0,0,0
57015,pr,closed,0,1,0,0,0,0,0,0
56913,pr,closed,104,1,9,2,2,0,0,0
56857,pr,closed,25,1,6,0,0,0,3,1
56855,issue,closed,1190,2,3,0,0,0,0,1
56820,pr,closed,12,1,4,0,0,0,0,0
56801,pr,closed,20,1,0,0,0,0,0,0
56797,pr,closed,8,1,0,0,0,0,0,0
56792,pr,closed,401,1,7,0,0,0,0,0
56770,pr,closed,44,1,26,4,4,0,2,1
56671,pr,closed,4,1,0,0,0,0,0,0
56666,pr,closed,152,1,29,6,6,0,1,1
56645,pr,closed,3,1,2,0,0,0,0,0
56621,pr,closed,0,1,0,0,0,0,0,0
56612,pr,closed,28,1,8,1,1,0,0,2
56584,pr,closed,14,2,0,0,0,0,0,0
56580,pr,closed,42,1,12,3,3,0,1,1
56576,pr,closed,19,1,4,2,2,0,0,0
56550,issue,closed,310,5,5,0,0,0,4,0
56528,pr,closed,6,2,2,0,0,0,0,0
56490,pr,closed,4,1,2,0,0,0,0,0
56471,pr,closed,15,1,5,1,1,0,0,0
56463,pr,closed,0,1,0,0,0,0,0,0
56459,issue,closed,9,2,0,0,0,0,0,1
56458,pr,closed,1,1,0,0,0,0,0,1
56439,issue,open,,1,1,0,0,0,0,0
56409,pr,closed,0,1,1,0,0,0,0,0
56380,pr,closed,17,1,6,0,0,0,0,0
56379,pr,closed,0,1,5,2,2,0,0,0
56348,pr,closed,0,1,0,0,0,0,0,0
56347,pr,closed,92,1,10,0,0,0,0,0
56334,pr,closed,28,1,18,6,6,0,0,2
56309,pr,closed,29,1,14,0,0,0,1,0
56299,pr,closed,319,1,5,0,0,0,0,5
56293,pr,closed,21,1,11,2,2,0,0,2
56191,pr,closed,26,1,4,0,0,0,0,0
56157,issue,open,,2,1,0,0,0,0,3
56152,pr,closed,6,1,0,0,0,0,0,0
56097,pr,closed,13,1,2,0,0,0,0,0
56095,pr,closed,1,1,4,1,1,0,0,0
56077,pr,closed,68,1,1,1,1,0,0,0
56073,pr,closed,0,1,0,0,0,0,0,0
56040,pr,closed,58,1,6,1,1,0,0,0
55901,issue,closed,6,1,16,0,0,0,0,7
55851,pr,closed,0,1,0,0,0,0,0,0
55843,pr,closed,21,1,0,0,0,0,0,0
55839,pr,closed,19,1,3,0,0,0,0,0
55827,pr,closed,12,1,3,0,0,0,0,0
55818,pr,closed,0,1,2,0,0,0,0,0
55814,pr,closed,60,1,51,4,4,0,7,0
55796,pr,closed,5,1,0,0,0,0,0,0
55711,pr,closed,5,1,1,0,0,0,0,1
55705,pr,closed,1,1,0,0,0,0,0,0
55665,pr,closed,274,1,8,4,4,0,2,0
55660,issue,closed,25,1,2,0,0,0,0,0
55627,pr,closed,0,1,0,0,0,0,0,0
55616,pr,closed,143,1,2,0,0,0,0,0
55614,pr,closed,2,1,1,0,0,0,0,1
55610,pr,closed,0,1,0,0,0,0,0,0
55594,pr,closed,20,1,4,0,0,0,0,0
55587,pr,closed,1,1,0,0,0,0,0,0
55566,pr,closed,12,1,4,2,2,0,0,4
55547,pr,closed,0,1,1,0,0,0,0,0
55506,issue,closed,13,1,1,1,1,0,0,2
55450,issue,closed,60,1,3,0,0,0,0,2
55425,pr,closed,19,1,3,0,0,0,0,0
55393,pr,closed,3,1,10,4,4,0,0,0
55373,issue,closed,1266,1,1,0,0,0,0,0
55361,pr,closed,103,1,4,1,1,0,0,0
55336,issue,open,,1,3,0,0,0,0,0
55297,pr,closed,2,1,0,0,0,0,0,0
55294,pr,closed,0,1,2,0,0,0,0,1
55290,pr,closed,1,1,12,7,7,0,0,0
55282,pr,closed,0,1,0,0,0,0,0,0
55281,issue,open,,1,15,0,0,0,1,0
55280,pr,closed,83,1,1,0,0,0,0,0
55257,issue,closed,66,1,2,0,0,0,0,2
55247,pr,closed,16,1,2,0,0,0,0,0
55198,issue,closed,2,1,0,0,0,0,0,1
55180,pr,closed,1,1,0,0,0,0,0,1
55173,issue,closed,293,1,1,0,0,0,1,0
55162,pr,closed,4,0,1,0,0,0,0,0
55140,pr,closed,10,1,1,0,0,0,0,2
55126,issue,closed,0,0,1,0,0,0,0,0
55125,pr,closed,59,1,43,5,5,0,7,5
55113,pr,closed,0,1,0,0,0,0,0,2
55100,pr,closed,0,1,0,0,0,0,0,0
55096,pr,closed,0,1,0,0,0,0,0,1
55039,pr,closed,0,1,0,0,0,0,0,0
55012,pr,closed,0,1,2,1,1,0,0,0
55009,pr,closed,0,1,0,1,1,0,0,1
54979,pr,closed,16,1,0,3,3,0,0,0
54972,pr,closed,0,1,0,0,0,0,0,0
54953,pr,closed,19,1,22,4,4,0,0,2
54952,pr,closed,2,1,4,1,1,0,0,0
54950,pr,closed,1,2,0,7,7,0,0,0
54945,pr,closed,0,1,0,0,0,0,0,0
54925,issue,closed,0,0,2,0,0,0,0,2
54908,pr,closed,18,0,15,2,2,0,0,0
54904,pr,closed,0,1,0,0,0,0,0,0
54903,pr,closed,0,1,0,0,0,0,0,0
54893,issue,closed,861,1,4,0,0,0,0,0
54892,pr,closed,0,1,2,0,0,0,0,1
54891,pr,closed,0,1,0,0,0,0,0,0
54873,issue,closed,0,1,0,1,1,0,0,0
54871,pr,closed,0,1,0,0,0,0,0,0
54869,pr,closed,0,1,3,0,0,0,0,0
54866,pr,closed,0,1,0,0,0,0,0,0
54852,pr,closed,0,1,0,0,0,0,0,0
54843,pr,closed,0,0,0,0,0,0,0,2
54839,pr,closed,0,1,0,0,0,0,0,0
54836,pr,closed,7,1,7,0,0,0,0,0
54834,pr,closed,7,1,0,0,0,0,0,0
54831,pr,closed,83,1,0,0,0,0,0,0
54812,pr,closed,0,1,0,0,0,0,0,0
54810,pr,closed,0,1,0,0,0,0,0,0
54808,pr,closed,0,1,0,0,0,0,0,1
54793,pr,closed,0,1,0,0,0,0,0,0
54792,pr,closed,0,1,0,0,0,0,0,0
54791,pr,closed,1,1,0,0,0,0,0,0
54790,pr,closed,3,1,1,0,0,0,0,0
54788,pr,closed,34,1,41,3,3,0,10,3
54787,pr,closed,0,1,0,0,0,0,0,0
54786,issue,closed,0,1,0,0,0,0,0,0
54784,pr,closed,0,1,0,0,0,0,0,0
54775,pr,closed,0,1,0,0,0,0,0,0
54774,pr,closed,0,1,0,0,0,0,0,0
54772,pr,closed,2,1,0,0,0,0,0,0
54765,pr,closed,0,0,0,0,0,0,0,1
54749,issue,closed,4,1,0,0,0,0,0,0
54732,pr,closed,4,1,1,0,0,0,0,0
54729,pr,closed,0,1,0,0,0,0,0,0
54728,pr,closed,3,1,2,1,1,0,0,0
54727,pr,closed,0,1,1,0,0,0,0,0
54724,pr,closed,0,1,1,0,0,0,0,0
54722,pr,closed,0,1,0,0,0,0,0,0
54707,pr,closed,0,1,0,0,0,0,0,0
54700,pr,closed,59,1,9,3,3,0,0,1
54698,pr,closed,0,1,0,0,0,0,0,0
54693,pr,closed,0,1,0,0,0,0,0,0
54692,pr,closed,0,1,0,0,0,0,0,0
54684,pr,closed,1,1,2,0,0,0,0,0
54680,pr,closed,0,1,0,0,0,0,0,0
54673,pr,closed,10,1,1,0,0,0,0,0
54660,pr,closed,1,1,3,0,0,0,0,0
54647,pr,closed,5,0,1,0,0,0,0,0
54644,pr,closed,1,1,7,3,3,0,0,1
54640,pr,closed,0,1,0,0,0,0,0,0
54636,pr,closed,4,1,1,0,0,0,0,0
54627,pr,closed,0,1,0,0,0,0,0,0
54625,pr,closed,0,1,0,0,0,0,0,0
54624,pr,closed,0,1,0,0,0,0,0,0
54604,pr,closed,0,1,0,0,0,0,0,0
54562,pr,closed,0,1,0,0,0,0,0,0
54552,pr,closed,6,1,3,1,1,0,0,0
54546,pr,closed,5,1,0,0,0,0,0,0
54541,pr,closed,1,0,1,0,0,0,0,0
54521,pr,closed,1,1,0,0,0,0,0,0
54515,pr,closed,9,1,2,0,0,0,0,0
54503,pr,closed,1,1,0,0,0,0,0,0
54502,pr,closed,1,1,0,0,0,0,0,0
54496,pr,closed,6,1,1,0,0,0,0,0
54483,pr,closed,0,1,0,0,0,0,0,0
54481,pr,closed,1,1,1,0,0,0,0,0
54479,pr,closed,0,1,0,0,0,0,0,0
54474,pr,closed,2,1,0,0,0,0,0,0
54464,pr,closed,234,1,35,4,4,0,0,2
54439,issue,closed,60,2,1,0,0,0,0,1
54383,pr,closed,3,1,1,1,1,0,2,1
54382,pr,closed,0,1,0,0,0,0,1,0
54375,pr,closed,15,1,1,0,0,0,0,0
54369,issue,closed,1235,1,0,8,8,0,0,1
54368,pr,closed,5,0,2,1,1,0,0,0
54293,pr,closed,0,1,1,0,0,0,0,0
54274,issue,closed,9,1,1,0,0,0,0,1
54243,pr,closed,21,1,4,2,2,0,0,0
54242,pr,closed,1,1,0,0,0,0,0,0
54233,pr,closed,28,1,0,0,0,0,0,0
54188,pr,closed,11,1,1,0,0,0,0,0
54184,pr,closed,19,1,4,0,0,0,0,0
54167,pr,closed,23,1,6,0,0,0,0,2
54132,pr,closed,32,1,8,0,0,0,0,1
54020,pr,closed,2,1,0,0,0,0,0,0
54013,pr,closed,16,0,26,1,1,0,0,1
54008,pr,closed,3,1,0,0,0,0,0,0
53949,pr,closed,4,1,0,0,0,0,0,0
53895,pr,closed,34,1,4,1,1,0,0,0
53875,pr,closed,13,0,5,0,0,0,0,0
53859,issue,closed,10,2,1,1,1,0,0,1
53833,pr,closed,48,1,17,1,1,0,0,1
53825,pr,closed,3,1,0,0,0,0,0,0
53817,pr,closed,1,1,0,0,0,0,0,1
53799,issue,closed,2,2,2,0,0,0,0,0
53783,pr,closed,52,1,12,1,1,0,0,1
53778,pr,closed,2,1,0,0,0,0,0,0
53771,pr,closed,5,1,6,0,0,0,0,0
53767,issue,closed,78,1,1,0,0,0,0,1
53753,issue,closed,14,0,1,0,0,0,0,0
53749,pr,closed,164,1,6,1,1,0,0,1
53745,pr,closed,0,1,0,0,0,0,0,0
53739,pr,closed,0,1,0,0,0,0,0,2
53728,issue,closed,48,1,4,0,0,0,0,0
53725,pr,closed,0,1,5,0,0,0,0,0
53719,pr,closed,6,1,4,1,1,0,0,0
53709,pr,closed,7,1,14,3,2,1,1,2
53673,issue,closed,0,1,1,0,0,0,0,0
53640,pr,closed,75,1,19,0,0,0,1,0
53639,pr,closed,1,1,0,0,0,0,0,0
53626,pr,closed,0,1,1,0,0,0,0,3
53593,pr,closed,7,1,3,1,1,0,1,0
53558,pr,closed,87,1,7,0,0,0,1,0
53557,pr,closed,4,1,1,0,0,0,0,0
53549,issue,closed,3,1,0,0,0,0,0,0
53545,pr,closed,2,1,3,2,2,0,0,0
53510,pr,closed,78,1,0,0,0,0,0,0
53499,pr,closed,57,1,17,1,0,1,0,0
53463,pr,closed,5,1,4,0,0,0,0,0
53445,pr,closed,7,1,3,1,1,0,0,0
53443,pr,closed,12,1,8,0,0,0,1,1
53441,pr,closed,69,1,24,1,1,0,0,0
53436,pr,closed,0,1,0,0,0,0,0,0
53312,pr,closed,0,0,1,0,0,0,0,0
53311,issue,closed,1,1,0,0,0,0,0,0
53303,pr,closed,0,1,0,2,2,0,0,0
53276,issue,closed,3,1,0,0,0,0,0,0
53258,pr,closed,25,1,3,0,0,0,0,0
53204,pr,closed,1,1,1,0,0,0,0,0
53196,issue,closed,416,4,5,0,0,0,0,0
53171,pr,closed,61,2,6,0,0,0,0,0
53139,pr,closed,10,1,0,0,0,0,0,0
53138,pr,closed,24,1,3,0,0,0,0,0
53110,pr,closed,27,1,7,2,2,0,0,1
53091,pr,closed,0,1,0,0,0,0,0,1
53051,pr,closed,0,1,0,0,0,0,0,0
53029,pr,closed,71,1,10,0,0,0,0,0
52947,pr,closed,29,1,1,0,0,0,0,0
52923,pr,closed,13,1,2,0,0,0,0,1
52866,pr,closed,6,0,1,0,0,0,0,2
52790,pr,closed,0,1,1,0,0,0,0,0
52761,pr,closed,19,1,1,0,0,0,0,0
52731,pr,closed,94,1,14,6,5,1,0,3
52715,pr,closed,96,1,3,0,0,0,0,0
52671,pr,closed,57,1,23,7,7,0,0,1
52644,pr,closed,34,1,6,1,1,0,2,0
52618,pr,closed,126,0,54,12,12,0,5,3
52586,issue,closed,934,1,5,0,0,0,0,0
52540,issue,open,,1,4,0,0,0,1,2
52532,pr,closed,11,1,4,1,1,0,0,0
52505,pr,closed,20,1,1,0,0,0,0,0
52497,pr,closed,1,1,1,0,0,0,0,0
52494,issue,closed,140,1,3,0,0,0,0,5
52470,pr,closed,57,1,7,1,1,0,0,2
52467,pr,closed,1,1,0,0,0,0,0,0
52438,pr,closed,2,0,2,0,0,0,0,2
52413,pr,closed,16,1,13,0,0,0,1,0
52412,issue,closed,16,1,0,0,0,0,0,0
52381,pr,closed,33,1,1,0,0,0,0,0
52373,pr,closed,5,1,4,1,1,0,1,0
52370,pr,closed,629,1,7,1,1,0,0,0
52341,pr,closed,0,1,0,0,0,0,0,0
52286,pr,closed,1,1,0,0,0,0,0,1
52269,issue,open,,1,4,0,0,0,0,1
52256,pr,closed,3,1,2,0,0,0,0,1
52201,issue,closed,1381,3,2,2,2,0,1,0
52182,pr,closed,2,1,1,0,0,0,0,0
52179,pr,closed,68,1,7,0,0,0,0,0
52175,pr,closed,3,0,3,0,0,0,3,0
52142,pr,closed,32,1,3,0,0,0,0,0
52128,pr,closed,12,1,0,0,0,0,0,0
52122,pr,closed,0,1,0,0,0,0,0,0
52098,pr,closed,1,1,1,0,0,0,0,0
52097,pr,closed,64,1,4,0,0,0,0,2
52096,pr,closed,0,1,0,0,0,0,0,0
52032,pr,closed,200,0,28,4,4,0,0,2
52028,pr,closed,42,1,3,0,0,0,0,0
52015,pr,closed,9,1,2,0,0,0,0,3
52005,pr,closed,14,1,6,0,0,0,0,1
51976,pr,closed,14,1,9,2,2,0,0,0
51966,pr,closed,0,1,3,0,0,0,0,0
51963,pr,closed,110,1,11,3,3,0,0,0
51960,issue,open,,0,1,0,0,0,1,0
51947,pr,closed,12,1,0,0,0,0,0,0
51937,pr,closed,12,1,1,1,1,0,0,0
51898,pr,closed,0,1,8,0,0,0,0,1
51897,pr,closed,23,1,11,1,1,0,0,0
51853,pr,closed,0,1,0,0,0,0,0,0
51841,pr,closed,2,1,0,0,0,0,0,0
51811,pr,closed,8,1,0,0,0,0,0,0
51752,issue,closed,7,1,1,0,0,0,0,0
51659,pr,closed,20,1,3,0,0,0,0,0
51652,pr,closed,1,1,3,0,0,0,0,1
51645,pr,closed,7,1,12,7,7,0,0,0
51615,pr,closed,1,1,1,1,1,0,0,0
51614,issue,open,,1,2,0,0,0,0,0
51606,pr,closed,0,1,0,0,0,0,0,0
51604,issue,closed,113,1,13,0,0,0,0,0
51597,pr,closed,0,1,0,0,0,0,0,0
51588,issue,closed,7,1,0,0,0,0,0,2
51585,pr,closed,7,1,0,0,0,0,0,0
51556,pr,closed,30,1,9,0,0,0,0,0
51555,pr,closed,57,1,3,1,1,0,0,0
51548,pr,closed,0,0,0,0,0,0,0,0
51518,pr,closed,10,1,1,1,1,0,0,0
51484,pr,closed,143,1,14,2,2,0,0,1
51452,pr,closed,28,1,0,0,0,0,0,0
51443,pr,closed,15,1,7,1,1,0,0,0
51442,pr,closed,2,0,0,0,0,0,0,0
51379,pr,closed,9,1,1,0,0,0,1,0
51340,pr,closed,1,1,0,0,0,0,0,0
51324,pr,closed,14,1,0,0,0,0,0,1
51313,pr,closed,124,1,0,0,0,0,0,0
51219,pr,closed,6,1,6,0,0,0,0,0
51216,pr,closed,4,1,2,1,1,0,0,0
51151,pr,closed,22,1,3,1,1,0,0,0
51080,pr,closed,20,1,1,0,0,0,0,0
51059,pr,closed,56,1,49,7,7,0,2,4
50977,pr,closed,7,1,3,0,0,0,0,0
50945,pr,closed,6,1,10,1,1,0,0,1
50936,pr,closed,44,1,13,0,0,0,0,1
50922,issue,closed,532,1,5,4,4,0,0,3
50918,pr,closed,3,1,0,0,0,0,0,0
50915,pr,closed,30,1,11,0,0,0,3,0
50906,pr,closed,3,1,2,0,0,0,0,6
50904,pr,closed,0,1,1,0,0,0,0,0
50903,pr,closed,21,1,1,0,0,0,0,0
50902,pr,closed,4,1,0,0,0,0,0,0
50901,pr,closed,7,1,0,0,0,0,0,0
50890,pr,closed,1,1,0,0,0,0,0,0
50856,pr,closed,27,2,61,2,2,0,13,10
50849,pr,closed,0,1,0,0,0,0,0,0
50826,pr,closed,0,1,8,0,0,0,0,0
50823,pr,closed,0,1,0,0,0,0,0,0
50814,pr,closed,0,1,0,0,0,0,0,0
50813,pr,closed,0,1,0,0,0,0,0,0
50797,pr,closed,0,1,0,0,0,0,0,0
50794,pr,closed,0,1,0,0,0,0,0,0
50793,pr,closed,0,1,0,0,0,0,0,0
50791,pr,closed,110,1,6,1,1,0,0,0
50787,pr,closed,0,1,0,0,0,0,0,0
50785,pr,closed,0,1,0,0,0,0,0,0
50779,pr,closed,0,0,0,2,2,0,0,0
50773,pr,closed,0,1,0,0,0,0,0,0
50772,pr,closed,0,1,1,0,0,0,0,0
50764,pr,closed,2,1,2,0,0,0,0,0
50763,pr,closed,0,1,0,0,0,0,0,0
50760,pr,closed,0,1,0,0,0,0,0,0
50751,pr,closed,2,1,1,0,0,0,0,0
50750,pr,closed,0,1,0,0,0,0,0,0
50745,pr,closed,0,1,1,0,0,0,0,1
50743,pr,closed,2,1,3,0,0,0,0,0
50741,pr,closed,1,0,0,0,0,0,1,0
50739,pr,closed,0,1,0,0,0,0,0,0
50723,pr,closed,0,1,0,0,0,0,0,0
50716,pr,closed,1,1,1,0,0,0,0,0
50715,pr,closed,0,1,0,0,0,0,0,0
50710,pr,closed,1,1,0,0,0,0,0,0
50703,pr,closed,0,1,0,0,0,0,0,0
50702,pr,closed,0,1,0,0,0,0,0,0
50698,pr,closed,69,1,15,1,1,0,0,0
50695,pr,closed,1,1,1,0,0,0,0,0
50677,pr,closed,0,1,0,0,0,0,0,0
50639,pr,closed,0,1,3,0,0,0,0,0
50604,pr,closed,2,1,1,0,0,0,1,1
50601,pr,closed,112,1,4,0,0,0,1,0
50596,issue,closed,80,1,7,0,0,0,0,2
50595,pr,closed,0,1,0,0,0,0,0,1
50585,pr,closed,2,1,1,0,0,0,0,3
50578,pr,closed,48,1,9,0,0,0,0,1
50560,pr,closed,0,1,0,0,0,0,0,0
50559,pr,closed,0,1,0,0,0,0,0,0
50558,pr,closed,0,1,0,0,0,0,0,0
50557,pr,closed,0,1,0,0,0,0,0,0
50552,pr,closed,0,1,0,0,0,0,0,1
50548,pr,closed,0,1,0,0,0,0,0,0
50541,pr,closed,0,1,1,0,0,0,0,0
50533,pr,closed,0,1,0,0,0,0,0,0
50531,pr,closed,20,1,25,1,1,0,1,8
50527,pr,closed,0,1,0,0,0,0,0,0
50523,pr,closed,0,1,0,0,0,0,0,0
50521,pr,closed,0,1,0,0,0,0,0,0
50518,pr,closed,179,1,17,2,2,0,1,0
50510,pr,closed,6,1,1,0,0,0,0,0
50509,pr,closed,6,1,2,0,0,0,0,1
50507,pr,closed,0,1,1,0,0,0,0,0
50505,pr,closed,0,1,0,0,0,0,0,0
50504,pr,closed,0,1,0,0,0,0,0,0
50491,pr,closed,0,1,0,0,0,0,0,0
50488,pr,closed,0,1,0,0,0,0,0,0
50469,pr,closed,0,1,0,0,0,0,0,0
50462,pr,closed,0,1,0,0,0,0,0,0
50448,pr,closed,0,1,1,0,0,0,0,0
50447,pr,closed,6,1,0,0,0,0,0,0
50445,pr,closed,0,1,0,0,0,0,0,0
50444,pr,closed,1,1,0,0,0,0,0,0
50443,pr,closed,0,1,0,0,0,0,0,0
50439,pr,closed,1,1,3,0,0,0,0,0
50437,pr,closed,0,1,1,1,1,0,0,0
50431,pr,closed,0,1,1,0,0,0,0,0
50418,pr,closed,0,1,0,0,0,0,0,0
50366,pr,closed,0,1,0,0,0,0,0,0
50350,pr,closed,0,1,0,0,0,0,0,0
50349,pr,closed,0,1,0,0,0,0,0,0
50338,pr,closed,0,1,0,0,0,0,0,0
50288,pr,closed,50,1,4,0,0,0,0,0
50276,pr,closed,4,1,0,0,0,0,0,0
50275,pr,closed,4,1,0,0,0,0,0,0
50271,pr,closed,55,1,2,0,0,0,0,0
50239,pr,closed,211,1,29,10,10,0,0,5
50197,pr,closed,6,1,0,0,0,0,0,0
50130,pr,closed,1,1,0,0,0,0,0,0
50104,pr,closed,61,1,0,0,0,0,0,0
50098,pr,closed,18,1,1,0,0,0,1,0
50079,pr,closed,20,1,7,4,4,0,0,0
50017,issue,open,,1,5,0,0,0,0,0
50015,pr,closed,29,1,7,1,1,0,0,0
50005,pr,closed,1,0,0,0,0,0,0,2
49974,pr,closed,23,1,6,0,0,0,0,2
49972,pr,closed,26,1,2,0,0,0,0,0
49957,pr,closed,0,1,0,0,0,0,0,0
49908,pr,closed,181,1,22,0,0,0,0,0
49865,pr,closed,139,1,0,0,0,0,0,0
49863,pr,closed,3,1,0,0,0,0,0,0
49832,pr,closed,0,1,1,0,0,0,0,0
49781,pr,closed,4,1,4,1,1,0,0,0
49766,issue,closed,4,1,0,0,0,0,0,0
49745,pr,closed,0,1,0,0,0,0,0,0
49688,pr,closed,203,1,8,2,2,0,0,0
49674,pr,closed,3,1,5,3,3,0,1,0
49642,pr,closed,1,1,1,0,0,0,0,0
49632,pr,closed,0,1,1,0,0,0,0,0
49620,issue,closed,156,1,0,1,1,0,0,1
49585,pr,closed,23,1,3,1,1,0,0,0
49580,pr,closed,9,1,2,1,1,0,0,1
49552,pr,closed,39,1,22,6,6,0,1,0
49548,pr,closed,0,1,0,1,1,0,0,0
49528,pr,closed,53,1,17,4,4,0,0,3
49527,pr,closed,15,1,7,0,0,0,0,0
49517,pr,closed,12,1,2,0,0,0,0,0
49516,pr,closed,12,1,4,0,0,0,0,0
49489,pr,closed,8,1,3,0,0,0,0,0
49454,pr,closed,54,1,8,0,0,0,0,0
49453,pr,closed,171,1,8,1,1,0,0,0
49436,pr,closed,0,1,1,0,0,0,0,0
49416,pr,closed,9,1,3,0,0,0,0,0
49402,pr,closed,15,1,2,1,1,0,0,0
49399,pr,closed,9,1,0,0,0,0,0,0
49321,pr,closed,7,0,0,0,0,0,0,0
49307,pr,closed,1,1,1,0,0,0,0,0
49288,pr,closed,4,1,4,0,0,0,1,1
49279,pr,closed,3,1,0,0,0,0,0,1
49278,pr,closed,6,1,0,0,0,0,0,0
49260,pr,closed,174,1,9,2,2,0,3,0
49257,pr,closed,0,1,4,1,1,0,0,1
49253,pr,closed,3,1,0,0,0,0,0,0
49252,pr,closed,0,1,0,0,0,0,0,3
49233,pr,closed,6,1,1,0,0,0,0,1
49226,pr,closed,0,1,0,0,0,0,1,0
49225,pr,closed,4,1,5,1,1,0,0,0
49194,pr,closed,0,1,0,0,0,0,0,0
49165,pr,closed,33,1,9,0,0,0,0,0
49161,pr,closed,57,1,13,6,6,0,0,0
49156,pr,closed,28,1,5,0,0,0,1,1
49117,pr,closed,2,1,5,0,0,0,0,0
49099,pr,closed,27,1,2,0,0,0,0,0
49087,pr,closed,23,1,0,0,0,0,0,0
49067,pr,closed,10,1,2,0,0,0,0,0
49059,pr,closed,0,1,0,0,0,0,0,1
49049,pr,closed,17,1,4,1,1,0,0,0
49044,issue,closed,1,1,0,0,0,0,0,0
49030,pr,closed,40,0,0,0,0,0,0,0
48958,pr,closed,1,2,1,0,0,0,0,0
48947,pr,closed,0,1,0,0,0,0,0,0
48941,pr,closed,6,1,1,0,0,0,0,0
48932,pr,closed,118,1,0,0,0,0,0,0
48923,pr,closed,0,1,0,0,0,0,0,0
48873,pr,closed,8,1,8,0,0,0,0,1
48866,pr,closed,1,1,0,0,0,0,0,0
48828,issue,closed,0,0,1,0,0,0,0,0
48818,pr,closed,0,1,0,0,0,0,0,0
48811,pr,closed,0,1,0,0,0,0,0,0
48795,pr,closed,0,1,0,0,0,0,0,0
48771,pr,closed,3,1,1,0,0,0,0,0
48769,pr,closed,1,1,3,0,0,0,0,1
48768,pr,closed,1,1,10,2,2,0,0,4
48730,pr,closed,0,1,0,0,0,0,0,2
48705,pr,closed,6,1,2,3,3,0,0,1
48687,pr,closed,5,1,1,0,0,0,0,0
48601,pr,closed,12,1,1,0,0,0,0,0
48571,pr,closed,0,0,1,0,0,0,0,0
48545,pr,closed,192,1,4,0,0,0,0,0
48509,pr,closed,105,0,30,21,21,0,0,0
48428,pr,closed,11,1,7,0,0,0,0,0
48414,issue,closed,447,1,7,3,3,0,0,0
48404,pr,closed,28,1,2,0,0,0,0,0
48374,pr,closed,1,1,0,0,0,0,0,0
48342,pr,closed,154,0,27,0,0,0,0,5
48310,pr,closed,55,1,4,0,0,0,0,0
48285,pr,closed,0,1,0,0,0,0,0,0
48260,pr,closed,7,1,1,0,0,0,0,0
48251,issue,closed,0,1,0,0,0,0,0,1
48250,pr,closed,34,1,3,0,0,0,0,0
48249,issue,closed,0,1,0,0,0,0,0,1
48234,pr,closed,0,1,1,0,0,0,0,0
48217,pr,closed,2,1,4,0,0,0,0,0
48215,issue,closed,0,0,2,0,0,0,0,1
48180,pr,closed,0,1,0,0,0,0,0,0
48133,pr,closed,28,1,9,1,1,0,0,0
48132,pr,closed,0,1,0,0,0,0,0,0
48092,pr,closed,18,1,6,2,2,0,0,0
48054,pr,closed,78,1,14,5,5,0,0,5
48035,pr,closed,21,0,4,0,0,0,0,0
48026,pr,closed,0,1,2,1,1,0,0,0
48024,pr,closed,29,1,3,1,1,0,0,0
48022,pr,closed,21,1,0,0,0,0,0,0
48010,pr,closed,1,1,3,0,0,0,0,2
47907,pr,closed,1,1,3,1,1,0,0,0
47864,pr,closed,0,1,0,0,0,0,0,0
47862,pr,closed,0,1,1,0,0,0,0,1
47849,pr,closed,0,1,0,0,0,0,0,0
47839,pr,closed,0,1,3,0,0,0,1,0
47814,pr,closed,0,1,0,0,0,0,0,0
47767,pr,closed,1,1,4,0,0,0,0,0
47729,pr,closed,1,1,1,0,0,0,0,0
47701,pr,closed,0,1,1,0,0,0,0,0
47678,pr,closed,31,1,7,2,2,0,3,0
47665,pr,closed,7,1,1,1,1,0,1,0
47638,pr,closed,93,1,3,0,0,0,0,0
47631,pr,closed,2,1,2,0,0,0,0,0
47600,pr,closed,36,1,8,2,2,0,1,0
47569,pr,closed,7,1,0,0,0,0,0,0
47562,pr,closed,0,1,1,0,0,0,0,0
47390,pr,closed,7,1,5,1,1,0,0,2
47388,pr,closed,19,1,6,0,0,0,0,0
47342,pr,closed,55,1,7,0,0,0,0,1
47268,pr,closed,51,1,14,1,1,0,3,2
47253,pr,closed,165,1,0,0,0,0,0,0
47250,pr,closed,21,1,2,0,0,0,0,0
47249,pr,closed,20,1,4,0,0,0,0,0
47222,issue,closed,74,1,2,0,0,0,0,0
47196,pr,closed,17,1,17,3,2,1,0,6
47195,pr,closed,1,1,0,0,0,0,0,0
47182,pr,closed,4,1,5,0,0,0,0,1
47177,pr,closed,0,1,0,0,0,0,0,0
47116,pr,closed,0,1,0,0,0,0,0,0
47091,pr,closed,0,1,3,1,1,0,0,0
47048,pr,closed,0,1,0,0,0,0,0,0
46961,pr,closed,6,1,5,1,1,0,0,0
46949,pr,closed,63,1,6,0,0,0,0,0
46848,pr,closed,1,1,1,0,0,0,0,0
46830,pr,closed,99,1,3,1,1,0,0,3
46817,pr,closed,149,1,23,3,3,0,0,1
46812,pr,closed,4,1,0,1,1,0,0,1
46805,pr,closed,9,1,2,0,0,0,1,0
46802,pr,closed,6,1,0,0,0,0,0,0
46791,pr,closed,4,1,1,0,0,0,0,0
46789,pr,closed,48,1,27,4,4,0,0,2
46773,pr,closed,94,1,5,0,0,0,0,0
46687,pr,closed,48,1,9,0,0,0,0,0
46657,pr,closed,63,1,2,1,1,0,0,1
46655,pr,closed,18,1,2,1,1,0,1,0
46624,pr,closed,0,1,0,0,0,0,0,0
46567,pr,closed,19,1,1,0,0,0,0,1
46556,issue,closed,2,2,5,0,0,0,0,0
46527,pr,closed,0,1,0,0,0,0,0,0
46520,pr,closed,0,1,0,0,0,0,0,0
46475,pr,closed,0,2,0,0,0,0,0,0
46465,pr,closed,93,1,0,0,0,0,0,0
46448,pr,closed,0,1,0,0,0,0,0,0
46433,pr,closed,5,2,3,1,1,0,0,2
46416,pr,closed,0,1,0,0,0,0,0,0
46408,pr,closed,11,2,0,0,0,0,0,0
46392,pr,closed,0,1,0,0,0,0,0,1
46391,pr,closed,0,1,0,0,0,0,0,0
46388,pr,closed,0,1,0,0,0,0,0,0
46365,pr,closed,28,1,13,1,1,0,0,0
46363,issue,closed,1,1,1,0,0,0,0,0
46358,pr,closed,28,0,24,2,2,0,0,2
46342,issue,open,,2,9,0,0,0,0,0
46334,pr,closed,0,0,0,0,0,0,0,0
46329,pr,closed,585,1,43,3,3,0,0,1
46328,issue,open,,1,0,0,0,0,0,0
46319,pr,closed,0,1,3,0,0,0,0,0
46317,pr,closed,0,0,0,0,0,0,0,0
46308,pr,closed,0,0,7,2,2,0,0,2
46293,pr,closed,57,1,23,1,1,0,2,2
46288,pr,closed,0,0,0,0,0,0,0,0
46276,pr,closed,78,1,3,0,0,0,0,0
46275,pr,closed,1,0,3,0,0,0,0,1
46271,pr,closed,0,0,3,0,0,0,0,0
46269,issue,closed,20,1,1,0,0,0,0,1
46264,pr,closed,0,0,0,0,0,0,0,0
46262,pr,closed,1,0,0,0,0,0,0,0
46259,pr,closed,95,1,3,1,1,0,0,0
46257,pr,closed,0,0,0,0,0,0,0,0
46256,pr,closed,0,1,0,0,0,0,0,0
46244,pr,closed,0,1,0,0,0,0,0,0
46240,pr,closed,0,0,0,0,0,0,0,0
46239,pr,closed,0,1,0,0,0,0,0,0
46236,pr,closed,0,1,0,0,0,0,0,0
46233,pr,closed,0,0,0,0,0,0,0,0
46230,pr,closed,0,0,1,0,0,0,0,0
46229,pr,closed,0,0,1,1,1,0,0,0
46228,pr,closed,0,0,0,0,0,0,0,0
46227,pr,closed,0,0,2,0,0,0,0,0
46226,pr,closed,0,0,0,0,0,0,0,0
46225,pr,closed,0,0,0,0,0,0,0,0
46224,pr,closed,0,0,0,0,0,0,0,0
46207,pr,closed,0,0,2,0,0,0,0,1
46205,pr,closed,0,0,0,0,0,0,0,0
46203,pr,closed,7,1,1,0,0,0,0,0
46201,pr,closed,4,1,0,0,0,0,0,0
46197,pr,closed,142,1,2,0,0,0,0,0
46178,pr,closed,3,1,0,0,0,0,0,0
46175,pr,closed,0,0,0,0,0,0,0,1
46160,issue,open,,0,12,0,0,0,1,0
46159,pr,closed,1,0,0,0,0,0,0,0
46156,pr,closed,5,0,0,0,0,0,0,0
46154,pr,closed,0,0,0,0,0,0,0,0
46153,pr,closed,0,0,2,0,0,0,0,0
46149,pr,closed,0,0,0,0,0,0,0,0
46146,pr,closed,0,0,1,0,0,0,0,0
46142,pr,closed,1,0,0,0,0,0,0,0
46123,pr,closed,0,0,0,0,0,0,0,0
46122,pr,closed,79,0,2,0,0,0,0,0
46110,pr,closed,8,0,0,0,0,0,0,0
46101,pr,closed,36,1,20,0,0,0,0,1
46094,pr,closed,1,0,0,0,0,0,0,0
46090,pr,closed,8,0,1,0,0,0,0,0
46087,pr,closed,104,1,57,13,6,7,1,3
46083,pr,closed,0,0,0,0,0,0,0,0
46080,pr,closed,5,0,0,0,0,0,0,0
46078,pr,closed,39,1,2,0,0,0,0,0
46077,pr,closed,5,0,0,0,0,0,0,0
46074,pr,closed,9,1,0,0,0,0,0,0
46071,pr,closed,5,0,1,0,0,0,0,0
46057,pr,closed,0,0,3,0,0,0,0,0
46054,pr,closed,0,0,0,0,0,0,0,0
46053,pr,closed,1,1,0,0,0,0,0,0
46050,pr,closed,245,1,23,8,7,1,1,1
46042,pr,closed,81,1,0,0,0,0,0,1
46039,pr,closed,1,1,0,0,0,0,0,1
46022,pr,closed,34,2,3,0,0,0,0,0
46018,pr,closed,6,1,0,0,0,0,0,0
46013,pr,closed,11,1,2,0,0,0,0,0
46012,pr,closed,7,1,1,0,0,0,0,1
46006,pr,closed,35,1,11,1,1,0,0,0
46004,pr,closed,0,1,0,0,0,0,0,1
45994,pr,closed,89,1,20,2,1,1,0,0
45988,pr,closed,0,0,7,3,3,0,0,2
45985,pr,closed,13,1,3,0,0,0,0,0
45965,pr,closed,8,1,0,0,0,0,0,0
45963,pr,closed,7,1,3,1,1,0,0,0
45959,pr,closed,1,1,2,0,0,0,0,0
45935,pr,closed,1,1,2,0,0,0,0,0
45930,pr,closed,15,1,6,2,2,0,0,0
45927,pr,closed,99,1,2,0,0,0,0,0
45915,pr,closed,159,1,12,0,0,0,0,0
45913,pr,closed,3,1,0,0,0,0,0,0
45908,pr,closed,1,0,0,0,0,0,0,1
45903,pr,closed,13,1,3,0,0,0,0,0
45899,pr,closed,20,1,8,0,0,0,0,0
45879,pr,closed,1,0,2,0,0,0,0,0
45863,pr,closed,49,1,5,0,0,0,0,0
45840,pr,closed,95,1,3,2,2,0,0,0
45834,issue,closed,5,1,3,0,0,0,0,1
45819,pr,closed,136,0,13,6,6,0,0,0
45793,pr,closed,15,0,1,1,1,0,0,0
45757,pr,closed,26,1,3,0,0,0,0,0
45731,pr,closed,8,0,0,0,0,0,0,0
45730,pr,closed,21,0,15,2,2,0,0,1
45724,pr,closed,63,1,7,0,0,0,0,0
45694,pr,closed,8,0,3,1,1,0,0,0
45668,pr,closed,3,0,2,0,0,0,0,0
45665,pr,closed,24,1,2,0,0,0,0,0
45644,pr,closed,197,0,3,2,2,0,0,0
45615,pr,closed,6,1,4,1,1,0,0,0
45606,pr,closed,4,0,1,0,0,0,0,0
45601,pr,closed,163,1,37,4,4,0,1,5
45576,pr,closed,1,1,1,0,0,0,0,0
45570,pr,closed,42,1,9,0,0,0,0,1
45565,pr,closed,116,1,23,6,6,0,0,2
45562,pr,closed,68,1,20,1,1,0,1,2
45560,pr,closed,0,0,0,0,0,0,0,0
45557,issue,closed,6,0,2,0,0,0,0,0
45548,pr,closed,4,1,15,2,2,0,0,0
45536,pr,closed,2,1,0,0,0,0,1,0
45520,pr,closed,5,1,3,0,0,0,0,0
45516,pr,closed,0,1,1,1,1,0,0,1
45515,pr,closed,1,1,0,0,0,0,0,0
45508,pr,closed,1,1,2,1,1,0,0,0
45500,pr,closed,5,1,0,0,0,0,0,0
45496,pr,closed,0,1,0,0,0,0,0,0
45495,pr,closed,0,0,0,0,0,0,0,0
45490,pr,closed,17,1,3,0,0,0,0,0
45478,pr,closed,84,1,15,1,1,0,1,3
45468,issue,closed,5,1,3,0,0,0,0,1
45467,pr,closed,10,1,0,0,0,0,0,0
45452,pr,closed,3,0,5,0,0,0,0,0
45447,pr,closed,124,1,6,1,1,0,0,0
45430,pr,closed,10,0,0,0,0,0,0,0
45429,pr,closed,4,0,0,0,0,0,0,0
45409,pr,closed,0,1,3,0,0,0,0,0
45398,pr,closed,30,0,6,4,3,1,0,0
45391,pr,closed,0,0,0,0,0,0,0,1
45380,pr,closed,5,1,4,2,2,0,0,0
45377,pr,closed,0,0,2,2,2,0,0,0
45370,pr,closed,190,1,16,1,1,0,2,8
45363,pr,closed,124,1,32,3,3,0,0,2
45346,pr,closed,31,1,10,3,3,0,0,0
45339,pr,closed,68,1,12,0,0,0,0,1
45332,pr,closed,106,1,20,1,1,0,2,2
45325,pr,closed,0,1,1,0,0,0,0,0
45309,pr,closed,55,1,2,1,1,0,0,0
45307,issue,open,,1,6,0,0,0,0,0
45298,pr,closed,16,1,1,0,0,0,0,0
45272,pr,closed,4,1,1,0,0,0,0,0
45254,pr,closed,12,1,1,0,0,0,1,0
45251,pr,closed,104,1,4,0,0,0,0,0
45235,pr,closed,17,0,9,1,1,0,0,8
45221,pr,closed,160,0,20,4,4,0,1,2
45197,pr,closed,12,1,1,1,1,0,0,0
45173,pr,closed,0,0,0,0,0,0,0,0
45161,pr,closed,0,0,7,1,1,0,1,0
45156,pr,closed,1,1,0,0,0,0,0,1
45147,pr,closed,0,1,0,0,0,0,0,0
45144,pr,closed,3,1,7,0,0,0,0,2
45137,pr,closed,113,0,6,1,1,0,0,1
45133,pr,closed,14,0,16,6,6,0,0,0
45131,pr,closed,113,1,21,3,3,0,0,2
45121,pr,closed,0,0,2,1,1,0,0,0
45118,issue,closed,1,1,2,0,0,0,0,1
45113,pr,closed,0,0,1,1,1,0,0,0
45088,pr,closed,2,1,1,0,0,0,0,0
45087,pr,closed,2,1,0,0,0,0,0,0
45079,pr,closed,5,0,2,1,1,0,0,0
45076,pr,closed,72,0,2,0,0,0,0,1
45053,pr,closed,18,0,10,2,1,1,0,2
45046,pr,closed,0,0,0,0,0,0,0,0
45041,pr,closed,202,1,8,0,0,0,0,0
45036,pr,closed,0,0,0,0,0,0,0,0
45034,pr,closed,76,0,2,0,0,0,0,0
45028,pr,closed,87,1,4,0,0,0,0,0
45024,pr,closed,0,0,0,0,0,0,0,2
45007,pr,closed,0,0,0,0,0,0,0,0
44999,pr,closed,68,0,5,3,3,0,1,0
44993,pr,closed,4,1,0,0,0,0,0,0
44991,pr,closed,1,1,0,0,0,0,0,0
44975,pr,closed,49,0,2,0,0,0,0,0
44969,pr,closed,63,1,15,3,3,0,0,4
44953,pr,closed,98,1,2,0,0,0,0,0
44915,pr,closed,26,1,6,0,0,0,0,0
44906,pr,closed,5,1,2,0,0,0,0,0
44883,pr,closed,124,1,35,1,1,0,0,4
44881,pr,closed,51,1,7,2,2,0,0,0
44878,pr,closed,4,1,0,0,0,0,0,0
44875,pr,closed,75,0,10,0,0,0,0,1
44870,pr,closed,0,0,1,0,0,0,0,0
44862,pr,closed,5,1,10,0,0,0,0,4
44848,pr,closed,0,0,2,0,0,0,0,0
44844,pr,closed,99,1,4,0,0,0,0,1
44832,pr,closed,0,0,0,0,0,0,0,0
44829,pr,closed,1,0,1,0,0,0,0,0
44806,pr,closed,2,1,0,0,0,0,0,0
44803,pr,closed,40,0,0,0,0,0,0,0
44775,pr,closed,0,1,0,0,0,0,0,0
44774,pr,closed,77,1,4,0,0,0,0,0
44759,pr,closed,32,0,0,0,0,0,0,0
44744,pr,closed,21,1,2,0,0,0,0,0
44710,pr,closed,4,1,3,0,0,0,0,2
44705,issue,closed,0,0,1,0,0,0,0,0
44703,pr,closed,7,1,0,0,0,0,0,1
44699,pr,closed,3,1,0,0,0,0,0,0
44692,pr,closed,46,1,17,0,0,0,0,9
44645,pr,closed,131,1,17,1,1,0,0,0
44643,pr,closed,3,0,1,2,2,0,0,0
44641,pr,closed,88,0,4,0,0,0,0,0
44637,pr,closed,21,1,7,0,0,0,0,1
44635,pr,closed,1,1,3,0,0,0,0,1
44628,pr,closed,6,0,4,0,0,0,0,0
44569,pr,closed,14,0,1,0,0,0,0,0
44563,pr,closed,8,0,8,0,0,0,0,1
44533,pr,closed,3,1,0,0,0,0,0,0
44527,pr,closed,1,1,2,0,0,0,0,0
44523,pr,closed,23,0,2,0,0,0,0,1
44518,pr,closed,2,1,0,0,0,0,0,0
44513,pr,closed,15,1,6,0,0,0,1,0
44500,pr,closed,0,0,0,0,0,0,0,0
44497,issue,closed,0,1,1,0,0,0,0,0
44471,pr,closed,3,0,1,1,1,0,0,0
44446,pr,closed,3,1,0,0,0,0,0,0
44441,pr,closed,6,0,25,2,2,0,0,5
44419,pr,closed,4,0,2,0,0,0,0,0
44417,pr,closed,85,0,19,1,1,0,0,5
44414,pr,closed,1,1,3,1,1,0,0,0
44402,pr,closed,0,0,0,0,0,0,0,0
44389,pr,closed,192,1,1,0,0,0,0,0
44382,pr,closed,77,1,2,0,0,0,2,0
44378,pr,closed,13,0,3,0,0,0,0,0
44375,pr,closed,6,0,1,0,0,0,0,0
44371,pr,closed,21,0,5,0,0,0,0,0
44370,pr,closed,70,0,8,0,0,0,0,3
44363,pr,closed,89,1,1,0,0,0,0,0
44359,pr,closed,67,1,14,3,3,0,0,3
44358,pr,closed,21,0,8,1,1,0,0,0
44357,pr,closed,0,0,0,0,0,0,0,0
44353,pr,closed,0,0,1,0,0,0,0,0
44343,pr,closed,67,1,8,0,0,0,0,3
44326,pr,closed,20,0,4,0,0,0,0,0
44316,pr,closed,391,1,28,5,5,0,1,1
44267,pr,closed,16,1,3,1,1,0,0,0
44253,pr,closed,96,1,0,0,0,0,0,0
44252,pr,closed,108,1,10,0,0,0,0,0
44243,pr,closed,0,0,0,0,0,0,0,0
44230,pr,closed,1,0,1,0,0,0,0,1
44211,pr,closed,340,0,34,3,3,0,2,2
44209,pr,closed,4,2,3,1,1,0,0,0
44208,pr,closed,41,0,0,0,0,0,0,0
44205,pr,closed,5,1,0,0,0,0,0,0
44188,pr,closed,72,1,18,2,2,0,0,2
44168,pr,closed,0,1,0,0,0,0,0,0
44154,pr,closed,5,1,2,0,0,0,0,0
44147,pr,closed,0,0,0,0,0,0,0,0
44141,pr,closed,6,1,0,0,0,0,0,0
44136,pr,closed,190,1,1,0,0,0,0,0
44124,pr,closed,259,1,10,0,0,0,0,0
44115,pr,closed,49,1,0,0,0,0,0,0
44112,pr,closed,21,1,0,0,0,0,0,0
44105,pr,closed,29,1,2,0,0,0,0,0
44085,pr,closed,1,1,1,0,0,0,0,0
44076,pr,closed,50,1,0,0,0,0,0,0
44050,pr,closed,0,0,0,0,0,0,0,1
44046,pr,closed,0,0,0,0,0,0,0,1
44030,pr,closed,192,1,2,0,0,0,0,0
44023,pr,closed,3,0,3,0,0,0,0,0
43995,pr,closed,3,0,0,0,0,0,0,0
43994,pr,closed,2,1,0,0,0,0,0,0
43993,issue,closed,2,0,0,0,0,0,0,1
43992,pr,closed,83,1,0,0,0,0,0,0
43971,pr,closed,15,0,3,0,0,0,0,0
43965,pr,closed,11,1,0,3,3,0,0,0
43943,pr,closed,0,0,0,0,0,0,0,0
43942,pr,closed,1,1,0,0,0,0,0,0
43938,pr,closed,0,0,0,0,0,0,0,0
43921,pr,closed,2,0,2,0,0,0,0,0
43915,pr,closed,128,1,1,0,0,0,0,0
43905,pr,closed,28,0,8,6,6,0,0,3
43894,pr,closed,1,1,4,0,0,0,0,0
43890,pr,closed,1,0,12,1,1,0,0,0
43863,pr,closed,106,1,15,1,1,0,0,1
43846,pr,closed,149,1,6,1,1,0,1,0
43827,pr,closed,0,0,0,0,0,0,0,0
43821,pr,closed,0,0,0,0,0,0,0,0
43820,pr,closed,7,0,3,1,1,0,0,0
43819,pr,closed,5,0,4,1,1,0,0,0
43817,pr,closed,59,0,6,0,0,0,1,2
43812,pr,closed,0,0,0,0,0,0,0,0
43797,pr,closed,215,1,6,0,0,0,0,0
43796,pr,closed,76,0,0,0,0,0,0,1
43784,pr,closed,17,1,9,0,0,0,0,1
43778,pr,closed,0,0,6,1,0,1,0,0
43776,pr,closed,44,1,6,0,0,0,0,1
43772,pr,closed,10,1,0,0,0,0,0,0
43726,issue,open,,1,1,0,0,0,0,1
43724,pr,closed,54,0,16,0,0,0,0,1
43723,pr,closed,12,0,0,0,0,0,0,0
43689,pr,closed,0,0,0,0,0,0,0,0
43684,pr,closed,3,1,1,0,0,0,0,0
43682,pr,closed,123,1,3,0,0,0,0,0
43673,pr,closed,11,1,1,0,0,0,0,0
43636,issue,closed,83,1,1,0,0,0,0,0
43623,pr,closed,5,1,0,0,0,0,0,0
43621,pr,closed,1,1,0,0,0,0,0,0
43607,pr,closed,7,1,1,0,0,0,0,0
43605,pr,closed,6,1,0,0,0,0,0,1
43581,pr,closed,2,1,4,0,0,0,0,2
43566,pr,closed,12,0,0,0,0,0,0,0
43562,issue,closed,412,1,4,0,0,0,0,0
43559,pr,closed,0,1,2,0,0,0,0,0
43546,pr,closed,14,0,4,1,1,0,0,0
43540,pr,closed,17,1,2,0,0,0,0,0
43538,pr,closed,17,1,1,0,0,0,0,0
43534,pr,closed,63,1,28,4,4,0,2,1
43532,pr,closed,3,1,1,0,0,0,0,0
43520,pr,closed,22,1,3,0,0,0,0,0
43519,pr,closed,3,0,1,0,0,0,0,0
43493,pr,closed,0,1,0,1,1,0,0,0
43477,pr,closed,3,1,2,0,0,0,0,0
43439,pr,closed,3,1,0,0,0,0,0,0
43438,pr,closed,6,1,3,0,0,0,0,0
43420,pr,closed,5,0,3,1,1,0,0,1
43413,pr,closed,28,0,0,0,0,0,0,0
43408,pr,closed,6,1,6,1,1,0,0,0
43394,pr,closed,2,1,1,0,0,0,0,0
43393,pr,closed,125,0,6,0,0,0,0,0
43384,pr,closed,26,0,10,2,1,1,0,0
43352,pr,closed,0,0,0,0,0,0,0,0
43342,pr,closed,103,0,1,0,0,0,0,0
43338,pr,closed,7,0,2,0,0,0,0,0
43329,pr,closed,14,0,6,0,0,0,0,0
43324,pr,closed,17,0,4,0,0,0,0,0
43323,pr,closed,31,0,5,0,0,0,0,0
43322,pr,closed,22,0,1,0,0,0,0,0
43320,pr,closed,21,1,7,1,1,0,0,0
43318,pr,closed,0,0,0,0,0,0,0,0
43315,pr,closed,13,1,1,1,0,1,0,0
43309,pr,closed,7,1,0,0,0,0,0,0
43301,pr,closed,9,1,7,0,0,0,0,0
43280,pr,closed,21,1,0,0,0,0,0,0
43265,pr,closed,1,1,0,0,0,0,0,0
43262,pr,closed,1,1,0,0,0,0,0,0
43260,pr,closed,1,1,3,0,0,0,0,0
43259,pr,closed,1,1,1,0,0,0,0,0
43219,pr,closed,74,1,8,0,0,0,0,1
43201,pr,closed,183,1,9,3,3,0,0,1
43173,pr,closed,63,1,16,8,8,0,1,3
43166,pr,closed,124,0,10,5,5,0,0,7
43152,pr,closed,86,0,10,1,1,0,0,0
43150,pr,closed,17,0,8,0,0,0,0,0
43148,pr,closed,4,1,1,1,1,0,0,0
43128,pr,closed,100,1,0,0,0,0,0,0
43126,pr,closed,35,1,6,0,0,0,0,1
43119,pr,closed,40,0,15,3,3,0,0,1
43114,pr,closed,11,1,0,0,0,0,0,0
43104,pr,closed,2,1,1,0,0,0,0,0
43101,pr,closed,5,1,0,0,0,0,0,0
43093,pr,closed,0,0,0,1,1,0,0,0
43086,pr,closed,362,1,16,1,1,0,0,0
43073,pr,closed,28,1,9,0,0,0,0,0
43062,pr,closed,9,1,1,0,0,0,0,1
43053,pr,closed,27,1,0,0,0,0,0,0
43050,pr,closed,5,1,3,0,0,0,0,0
43035,pr,closed,106,1,0,0,0,0,0,0
43034,issue,closed,75,1,1,0,0,0,0,1
43032,pr,closed,0,0,0,0,0,0,0,0
43030,pr,closed,81,0,8,1,1,0,0,0
43017,pr,closed,4,1,12,0,0,0,0,1
43011,pr,closed,0,0,0,0,0,0,0,0
43008,pr,closed,36,1,3,1,1,0,0,0
43007,pr,closed,0,0,0,0,0,0,0,0
43005,pr,closed,54,1,3,0,0,0,0,1
42991,pr,closed,2,0,0,0,0,0,0,0
42990,pr,closed,2,1,1,0,0,0,0,0
42989,pr,closed,2,0,0,0,0,0,0,0
42971,pr,closed,6,1,3,0,0,0,0,3
42968,pr,closed,0,0,0,0,0,0,0,0
42963,pr,closed,3,1,0,0,0,0,0,0
42958,pr,closed,105,1,1,0,0,0,0,0
42944,pr,closed,21,1,2,1,1,0,0,0
42941,pr,closed,77,1,1,0,0,0,0,0
42914,pr,closed,12,0,1,2,2,0,0,0
42876,pr,closed,5,1,1,1,1,0,0,0
42871,pr,closed,1,1,0,0,0,0,0,0
42869,pr,closed,1,1,0,0,0,0,0,0
42864,pr,closed,0,1,1,0,0,0,0,0
42859,pr,closed,5,1,5,2,2,0,1,5
42858,pr,closed,0,0,0,0,0,0,0,0
42855,pr,closed,0,0,2,0,0,0,0,1
42853,pr,closed,0,0,2,0,0,0,0,0
42850,issue,closed,15,1,5,0,0,0,1,0
42845,pr,closed,8,1,0,0,0,0,0,0
42842,issue,closed,185,1,2,0,0,0,0,1
42839,issue,closed,0,1,1,0,0,0,0,2
42837,pr,closed,0,0,1,0,0,0,0,0
42830,pr,closed,0,0,3,0,0,0,0,0
42810,pr,closed,6,1,5,2,2,0,0,1
42784,pr,closed,56,1,6,0,0,0,0,0
42773,pr,closed,7,1,3,0,0,0,0,0
42763,pr,closed,112,1,5,0,0,0,0,0
42749,pr,closed,10,1,5,0,0,0,0,0
42743,pr,closed,4,1,2,0,0,0,0,0
42742,pr,closed,91,1,15,2,2,0,0,2
42739,pr,closed,185,1,25,3,3,0,0,2
42728,pr,closed,208,1,8,1,1,0,0,0
42707,pr,closed,81,1,1,0,0,0,0,0
42703,issue,open,,1,1,0,0,0,0,2
42697,pr,closed,61,0,12,3,3,0,0,1
42686,pr,closed,12,1,5,0,0,0,0,0
42652,pr,closed,36,1,6,1,1,0,0,1
42638,pr,closed,13,1,0,0,0,0,0,0
42624,pr,closed,9,1,0,0,0,0,0,0
42607,pr,closed,2,1,0,0,0,0,0,0
42580,pr,closed,280,1,44,4,3,1,1,5
42573,issue,closed,0,0,1,0,0,0,0,0
42570,pr,closed,367,1,25,3,3,0,0,3
42566,pr,closed,149,1,4,0,0,0,0,0
42561,pr,closed,0,1,0,0,0,0,0,0
42560,pr,closed,0,1,0,0,0,0,0,1
42558,pr,closed,36,1,2,0,0,0,0,1
42557,pr,closed,14,1,2,2,2,0,0,0
42520,issue,closed,106,1,5,0,0,0,0,0
42514,pr,closed,117,1,4,0,0,0,0,0
42513,pr,closed,15,1,3,1,1,0,1,0
42507,pr,closed,17,1,3,0,0,0,0,0
42506,pr,closed,96,1,9,4,4,0,0,2
42473,pr,closed,45,1,0,0,0,0,0,0
42468,pr,closed,1,1,0,0,0,0,0,1
42466,pr,closed,64,1,16,2,2,0,0,0
42464,pr,closed,0,0,1,1,1,0,0,0
42463,pr,closed,88,1,0,0,0,0,0,0
42457,pr,closed,1,1,6,1,1,0,0,1
42456,pr,closed,0,1,2,0,0,0,0,0
42433,pr,closed,1,1,0,2,2,0,0,0
42427,pr,closed,19,1,0,0,0,0,0,0
42424,pr,closed,15,1,2,0,0,0,0,0
42419,pr,closed,0,0,0,0,0,0,0,1
42415,pr,closed,67,1,0,0,0,0,0,0
42410,pr,closed,1,1,0,0,0,0,0,0
42409,pr,closed,36,1,10,0,0,0,0,0
42408,pr,closed,89,1,1,1,1,0,0,2
42407,pr,closed,1,1,0,0,0,0,0,0
42406,pr,closed,6,1,0,0,0,0,0,0
42405,pr,closed,74,0,0,0,0,0,0,0
42400,pr,closed,2,1,1,0,0,0,0,0
42394,pr,closed,19,1,0,0,0,0,0,0
42389,pr,closed,83,1,2,0,0,0,0,2
42388,issue,open,,1,1,0,0,0,0,0
42378,pr,closed,0,1,0,1,1,0,0,0
42377,pr,closed,9,1,2,0,0,0,0,0
42376,pr,closed,0,0,0,0,0,0,0,0
42373,issue,closed,0,1,1,0,0,0,0,0
42370,pr,closed,0,0,0,0,0,0,0,0
42365,pr,closed,0,0,0,0,0,0,0,0
42356,issue,closed,208,0,7,0,0,0,0,3
42345,pr,closed,31,1,5,0,0,0,0,0
42332,pr,closed,0,0,0,0,0,0,0,0
42326,pr,closed,34,1,2,0,0,0,0,0
42322,pr,closed,0,0,0,0,0,0,0,0
42305,pr,closed,9,0,4,0,0,0,0,0
42300,pr,closed,46,1,5,0,0,0,0,0
42297,pr,closed,2,1,0,0,0,0,0,0
42291,pr,closed,5,1,0,0,0,0,0,1
42277,issue,closed,202,0,3,0,0,0,0,1
42272,issue,closed,3,1,0,0,0,0,0,0
42257,pr,closed,3,0,1,0,0,0,0,1
42249,pr,closed,79,1,0,0,0,0,0,0
42248,pr,closed,94,1,0,0,0,0,0,0
42237,pr,closed,25,1,4,0,0,0,0,1
42231,pr,closed,1,0,0,0,0,0,0,0
42219,pr,closed,4,0,1,1,1,0,0,1
42216,pr,closed,15,0,9,2,2,0,2,0
42215,pr,closed,157,1,9,1,1,0,0,0
42212,pr,closed,46,1,3,1,1,0,0,1
42204,pr,closed,5,1,0,1,1,0,0,0
42202,pr,closed,5,1,2,0,0,0,0,0
42194,pr,closed,112,0,2,0,0,0,0,0
42172,pr,closed,12,1,1,0,0,0,0,0
42145,pr,closed,54,1,5,1,1,0,0,0
42143,pr,closed,54,1,8,5,5,0,0,0
42139,pr,closed,1,1,0,0,0,0,0,0
42102,issue,closed,104,1,6,2,2,0,0,1
42097,pr,closed,106,0,5,1,1,0,0,0
42069,pr,closed,1,1,0,0,0,0,0,2
42068,pr,closed,205,1,6,1,1,0,0,1
42067,pr,closed,2,1,0,0,0,0,0,0
42057,pr,closed,129,1,7,0,0,0,0,0
42054,pr,closed,12,0,0,0,0,0,0,0
42040,pr,closed,54,1,14,2,2,0,0,3
42036,pr,closed,37,1,2,0,0,0,0,0
42035,pr,closed,62,1,4,1,1,0,0,0
42023,pr,closed,32,1,1,1,1,0,0,0
42021,pr,closed,7,1,3,1,1,0,0,2
42020,pr,closed,0,0,0,0,0,0,0,0
42016,pr,closed,0,0,3,0,0,0,0,0
42013,pr,closed,88,1,6,0,0,0,0,0
42003,pr,closed,1,1,4,0,0,0,0,1
41994,pr,closed,1,1,0,0,0,0,0,0
41987,pr,closed,0,0,0,0,0,0,0,0
41984,pr,closed,1,1,0,0,0,0,0,0
41981,pr,closed,33,1,3,2,2,0,0,0
41974,pr,closed,2,1,2,1,1,0,0,0
41887,issue,closed,16,1,1,0,0,0,0,2
41881,pr,closed,1,1,1,0,0,0,0,0
41876,pr,closed,9,1,0,0,0,0,0,0
41871,pr,closed,62,0,6,1,1,0,0,0
41865,pr,closed,0,1,2,1,1,0,0,0
41863,pr,closed,4,1,4,0,0,0,0,0
41859,pr,closed,1,1,3,1,1,0,0,0
41857,pr,closed,81,1,25,2,2,0,2,2
41856,pr,closed,50,1,5,2,2,0,0,1
41850,pr,closed,138,1,7,0,0,0,0,1
41813,pr,closed,40,1,5,3,3,0,0,0
41812,pr,closed,60,1,13,1,1,0,0,0
41807,pr,closed,0,0,0,0,0,0,0,0
41786,pr,closed,4,1,4,0,0,0,0,0
41785,pr,closed,0,0,0,0,0,0,0,0
41766,pr,closed,4,1,0,0,0,0,0,1
41764,pr,closed,42,0,11,1,1,0,0,0
41759,pr,closed,5,1,7,1,1,0,0,0
41755,pr,closed,5,1,5,0,0,0,0,1
41753,pr,closed,48,1,16,1,1,0,2,4
41739,pr,closed,1,1,1,0,0,0,0,0
41735,pr,closed,96,0,24,5,5,0,0,0
41724,pr,closed,0,0,0,0,0,0,0,0
41705,pr,closed,7,1,4,0,0,0,0,0
41688,pr,closed,8,1,3,0,0,0,0,0
41679,pr,closed,1,1,1,0,0,0,0,1
41678,pr,closed,0,1,0,0,0,0,0,0
41675,pr,closed,7,1,2,0,0,0,0,0
41674,pr,closed,8,1,2,1,1,0,0,0
41669,pr,closed,11,1,10,0,0,0,0,2
41666,pr,closed,6,1,0,0,0,0,0,0
41658,pr,closed,19,1,6,1,1,0,0,0
41642,issue,closed,131,0,5,0,0,0,0,0
41634,pr,closed,5,1,2,0,0,0,0,0
41633,pr,closed,6,1,1,0,0,0,0,0
41626,pr,closed,69,1,10,2,2,0,0,1
41605,pr,closed,2,1,1,1,1,0,0,0
41585,pr,closed,61,1,3,0,0,0,0,0
41583,pr,closed,15,0,9,0,0,0,0,3
41579,pr,closed,334,1,26,1,1,0,1,0
41576,pr,closed,148,1,8,0,0,0,0,13
41575,pr,closed,5,1,0,1,1,0,0,0
41556,pr,closed,119,1,0,0,0,0,0,0
41552,pr,closed,0,0,0,0,0,0,0,0
41549,pr,closed,16,1,10,6,6,0,1,0
41548,pr,closed,13,1,8,1,1,0,0,1
41539,pr,closed,2,1,0,0,0,0,0,0
41531,pr,closed,12,0,0,0,0,0,0,0
41530,pr,closed,19,1,2,0,0,0,0,0
41529,issue,closed,30,0,0,0,0,0,0,0
41519,pr,closed,7,1,3,0,0,0,0,0
41518,pr,closed,4,0,2,1,1,0,0,0
41516,pr,closed,1,0,1,0,0,0,0,0
41515,pr,closed,123,2,29,2,1,1,0,0
41506,pr,closed,15,1,3,1,1,0,1,0
41500,pr,closed,0,0,0,0,0,0,0,0
41497,pr,closed,12,1,2,2,2,0,0,0
41484,issue,open,,1,3,0,0,0,0,0
41483,pr,closed,13,1,1,1,1,0,0,0
41481,pr,closed,3,0,0,0,0,0,0,0
41480,pr,closed,12,1,8,4,4,0,3,4
41474,pr,closed,55,0,2,1,1,0,0,0
41468,pr,closed,279,1,17,5,5,0,0,0
41461,pr,closed,16,1,0,0,0,0,0,0
41451,pr,closed,116,1,2,0,0,0,0,0
41439,pr,closed,24,0,2,1,1,0,0,0
41436,pr,closed,9,0,1,0,0,0,0,1
41427,pr,closed,63,1,8,3,2,1,0,0
41423,pr,closed,165,1,9,1,1,0,1,0
41421,pr,closed,0,0,0,0,0,0,0,0
41397,pr,closed,2,0,0,0,0,0,0,0
41315,pr,closed,0,0,0,0,0,0,0,0
41311,pr,closed,5,1,0,0,0,0,0,0
41308,pr,closed,212,1,45,8,8,0,0,4
41307,pr,closed,179,1,12,11,11,0,0,0
41302,pr,closed,68,1,5,1,1,0,0,0
41301,pr,closed,67,1,8,1,1,0,0,1
41300,pr,closed,23,1,1,0,0,0,0,0
41287,pr,closed,422,1,26,12,12,0,0,0
41280,pr,closed,3,0,1,0,0,0,0,0
41275,pr,closed,15,1,5,4,4,0,0,0
41270,pr,closed,19,1,1,0,0,0,0,0
41266,pr,closed,0,1,0,0,0,0,0,0
41261,pr,closed,6,1,5,1,1,0,0,0
41239,pr,closed,0,0,0,0,0,0,0,1
41236,pr,closed,0,1,0,1,1,0,0,1
41234,pr,closed,0,0,0,0,0,0,0,0
41230,issue,closed,100,1,0,0,0,0,0,0
41174,pr,closed,0,0,0,0,0,0,0,0
41173,pr,closed,23,1,3,0,0,0,0,0
41172,pr,closed,82,1,31,3,3,0,0,3
41166,pr,closed,1,1,2,0,0,0,0,0
41154,pr,closed,113,1,10,0,0,0,1,3
41152,pr,closed,1,1,3,2,2,0,0,0
41138,pr,closed,0,0,0,0,0,0,0,1
41125,pr,closed,1,1,1,0,0,0,0,0
41113,pr,closed,0,1,0,0,0,0,0,0
41075,pr,closed,87,1,1,0,0,0,0,0
41072,pr,closed,0,0,0,0,0,0,0,0
41070,pr,closed,0,0,0,0,0,0,0,0
41069,pr,closed,0,0,7,0,0,0,0,0
41068,pr,closed,3,1,0,0,0,0,0,0
41061,pr,closed,0,0,0,0,0,0,1,0
41048,pr,closed,38,1,14,4,4,0,0,2
41044,pr,closed,62,1,3,2,2,0,0,0
41036,pr,closed,1,1,2,0,0,0,0,0
41034,pr,closed,0,0,1,0,0,0,0,0
41033,pr,closed,0,1,0,0,0,0,0,0
41031,pr,closed,138,1,5,0,0,0,0,0
41010,pr,closed,5,1,2,0,0,0,0,0
40997,pr,closed,13,1,0,0,0,0,0,0
40988,pr,closed,0,1,3,0,0,0,0,0
40983,pr,closed,1,1,3,0,0,0,0,0
40969,pr,closed,203,1,33,6,6,0,0,1
40968,pr,closed,9,0,5,2,2,0,0,0
40930,pr,closed,7,2,0,0,0,0,0,0
40922,pr,closed,1,0,0,0,0,0,0,0
40912,pr,closed,3,0,0,0,0,0,0,1
40905,pr,closed,3,0,2,1,1,0,0,0
40903,issue,closed,9,1,3,0,0,0,0,0
40902,pr,closed,3,0,0,0,0,0,0,0
40894,pr,closed,93,1,6,2,2,0,0,0
40890,pr,closed,4,1,0,0,0,0,0,0
40867,pr,closed,126,1,0,0,0,0,0,2
40863,pr,closed,75,0,0,0,0,0,0,0
40857,pr,closed,1,1,0,0,0,0,0,0
40839,pr,closed,0,0,2,0,0,0,0,0
40812,issue,closed,799,2,3,0,0,0,0,0
40811,pr,closed,228,0,13,6,6,0,0,1
40804,pr,closed,2,1,0,1,1,0,0,0
40778,pr,closed,1,1,2,1,1,0,0,0
40766,pr,closed,13,1,1,0,0,0,0,0
40755,pr,closed,1,1,0,0,0,0,0,0
40704,pr,closed,52,1,46,9,9,0,2,9
40697,pr,closed,131,1,2,0,0,0,0,0
40689,pr,closed,117,0,11,2,2,0,0,0
40676,pr,closed,40,1,13,5,5,0,0,1
40670,pr,closed,20,1,4,0,0,0,0,0
40669,pr,closed,293,1,13,3,3,0,2,2
40656,pr,closed,47,1,6,0,0,0,0,1
40655,pr,closed,125,0,1,0,0,0,0,0
40645,pr,closed,584,0,7,3,3,0,0,0
40633,issue,closed,16,1,0,0,0,0,0,0
40622,issue,closed,9,1,0,0,0,0,0,0
40610,pr,closed,0,0,0,0,0,0,0,0
40608,pr,closed,0,0,0,0,0,0,0,0
40606,pr,closed,20,1,11,1,1,0,0,2
40604,pr,closed,2,0,0,0,0,0,0,0
40600,issue,closed,1164,1,2,0,0,0,0,0
40570,pr,closed,0,0,0,0,0,0,0,0
40566,pr,closed,122,0,14,0,0,0,0,0
40564,pr,closed,0,0,0,0,0,0,0,0
40557,pr,closed,323,1,13,1,1,0,1,0
40532,pr,closed,3,1,4,0,0,0,0,1
40527,pr,closed,2,1,0,0,0,0,0,0
40525,pr,closed,52,0,3,1,1,0,0,0
40521,pr,closed,25,1,1,0,0,0,0,0
40512,pr,closed,0,1,0,0,0,0,0,1
40489,pr,closed,0,1,0,0,0,0,0,0
40482,pr,closed,17,1,5,0,0,0,0,0
40478,pr,closed,0,1,1,0,0,0,0,1
40469,pr,closed,6,1,5,0,0,0,0,0
40463,pr,closed,61,1,5,0,0,0,0,0
40451,pr,closed,12,1,5,2,2,0,0,1
40450,issue,closed,27,1,0,0,0,0,0,0
40436,pr,closed,256,1,13,3,3,0,0,0
40428,pr,closed,0,0,0,0,0,0,0,0
40422,pr,closed,98,0,8,2,2,0,0,0
40416,pr,closed,132,0,11,1,1,0,0,0
40408,pr,closed,6,1,0,0,0,0,0,0
40400,pr,closed,4,1,2,0,0,0,0,0
40394,pr,closed,393,1,13,0,0,0,0,0
40383,pr,closed,63,0,6,1,1,0,0,0
40380,pr,closed,28,1,2,1,1,0,0,0
40334,pr,closed,77,1,0,0,0,0,0,0
40321,pr,closed,4,1,5,0,0,0,2,0
40320,pr,closed,32,1,11,0,0,0,0,1
40318,pr,closed,0,0,0,0,0,0,0,0
40314,pr,closed,13,0,2,0,0,0,0,2
40297,pr,closed,91,1,3,0,0,0,0,0
40296,pr,closed,1,0,0,0,0,0,0,1
40293,pr,closed,34,1,10,1,1,0,0,1
40283,pr,closed,32,0,2,0,0,0,0,0
40250,pr,closed,0,1,0,0,0,0,0,0
40233,pr,closed,34,1,10,0,0,0,1,11
40229,pr,closed,0,0,1,0,0,0,0,0
40224,pr,closed,109,0,4,0,0,0,0,0
40220,pr,closed,7,1,6,0,0,0,0,1
40212,pr,closed,269,0,1,0,0,0,0,0
40187,pr,closed,35,1,33,17,17,0,0,1
40184,pr,closed,0,1,0,0,0,0,0,0
40183,pr,closed,29,1,7,2,2,0,0,1
40179,pr,closed,9,1,0,0,0,0,0,0
40157,pr,closed,4,1,4,0,0,0,0,0
40151,pr,closed,101,1,3,1,1,0,0,0
40149,pr,closed,0,0,1,0,0,0,0,0
40148,pr,closed,0,0,0,0,0,0,0,0
40136,pr,closed,13,1,0,0,0,0,0,0
40135,pr,closed,16,1,1,0,0,0,0,0
40134,pr,closed,2,1,0,0,0,0,0,0
40127,pr,closed,24,1,5,0,0,0,0,0
40126,pr,closed,10,1,2,0,0,0,0,0
40118,pr,closed,0,0,1,0,0,0,0,1
40109,pr,closed,18,1,3,0,0,0,0,2
40108,pr,closed,2,0,0,0,0,0,0,0
40103,pr,closed,5,1,2,3,3,0,0,0
40093,pr,closed,7,1,0,0,0,0,0,0
40082,pr,closed,0,0,2,0,0,0,0,0
40062,pr,closed,26,1,4,0,0,0,0,0
40060,pr,closed,174,1,2,1,1,0,0,0
40058,pr,closed,0,0,0,0,0,0,0,0
40057,pr,closed,21,1,20,6,6,0,1,0
40013,pr,closed,4,1,8,1,1,0,0,1
40010,pr,closed,1,1,1,2,2,0,0,0
39983,pr,closed,0,0,0,0,0,0,0,1
39974,pr,closed,20,0,5,0,0,0,0,1
39964,pr,closed,50,1,3,0,0,0,0,0
39960,pr,closed,36,1,10,3,3,0,1,0
39959,pr,closed,14,1,7,3,3,0,0,1
39958,pr,closed,17,0,0,0,0,0,0,0
39951,pr,closed,64,0,0,0,0,0,0,0
39939,pr,closed,13,1,0,0,0,0,0,0
39936,pr,closed,52,1,5,0,0,0,0,0
39935,pr,closed,9,1,8,0,0,0,0,2
39933,pr,closed,2,0,0,0,0,0,0,0
39926,pr,closed,6,1,0,0,0,0,0,0
39920,pr,closed,0,0,0,0,0,0,0,1
39917,pr,closed,0,0,0,0,0,0,0,0
39889,pr,closed,34,1,3,0,0,0,0,0
39886,pr,closed,4,1,1,0,0,0,0,0
39819,pr,closed,5,1,0,0,0,0,0,0
39789,pr,closed,5,1,3,1,1,0,0,0
39773,pr,closed,9,1,7,1,1,0,0,1
39772,pr,closed,9,1,1,1,1,0,0,0
39771,pr,closed,116,0,0,0,0,0,0,0
39770,pr,closed,197,0,29,3,3,0,0,3
39769,pr,closed,7,1,0,0,0,0,0,0
39763,pr,closed,0,1,0,0,0,0,0,2
39762,pr,closed,13,1,4,1,1,0,0,0
39760,pr,closed,8,0,7,0,0,0,0,0
39746,pr,closed,1,1,2,0,0,0,0,0
39731,pr,closed,29,1,1,0,0,0,0,0
39714,pr,closed,77,1,7,2,2,0,0,0
39702,pr,closed,69,0,13,4,4,0,0,2
39696,pr,closed,0,0,0,0,0,0,0,1
39692,pr,closed,8,1,1,0,0,0,0,0
39686,pr,closed,8,1,2,0,0,0,0,0
39683,pr,closed,13,1,2,0,0,0,0,1
39678,pr,closed,57,1,5,0,0,0,0,1
39673,pr,closed,5,1,0,0,0,0,0,0
39670,pr,closed,85,1,0,0,0,0,1,0
39667,pr,closed,1,1,1,0,0,0,0,0
39665,pr,closed,3,1,2,0,0,0,0,1
39664,pr,closed,17,1,1,0,0,0,0,0
39661,pr,closed,0,0,0,0,0,0,0,1
39633,pr,closed,13,0,2,0,0,0,0,0
39615,pr,closed,375,1,9,1,1,0,0,0
39612,pr,closed,154,1,10,0,0,0,0,1
39602,pr,closed,1,1,0,1,1,0,0,0
39597,pr,closed,81,1,1,1,1,0,0,0
39574,pr,closed,12,1,9,4,4,0,1,2
39559,pr,closed,1,1,1,0,0,0,0,0
39547,pr,closed,0,0,1,0,0,0,0,0
39531,pr,closed,27,1,14,3,3,0,0,2
39527,pr,closed,8,1,4,3,3,0,0,0
39515,pr,closed,74,0,0,0,0,0,0,0
39510,pr,closed,99,1,1,0,0,0,0,0
39485,pr,closed,1,1,1,0,0,0,0,0
39484,pr,closed,0,0,0,0,0,0,0,0
39482,pr,closed,0,0,0,0,0,0,0,0
39479,pr,closed,0,0,2,1,1,0,0,0
39475,pr,closed,0,0,0,0,0,0,0,0
39471,pr,closed,0,0,0,0,0,0,0,0
39470,pr,closed,12,1,5,0,0,0,0,0
39455,pr,closed,0,0,0,0,0,0,0,0
39449,pr,closed,60,1,6,2,2,0,0,2
39447,pr,closed,0,0,1,0,0,0,0,0
39442,pr,closed,0,0,1,0,0,0,0,0
39440,pr,closed,1,1,0,1,1,0,0,0
39436,pr,closed,0,1,0,0,0,0,0,0
39429,pr,closed,43,0,4,0,0,0,0,0
39428,pr,closed,1,0,0,0,0,0,0,0
39415,issue,closed,54,1,2,2,2,0,0,0
39412,pr,closed,3,0,0,0,0,0,0,0
39406,pr,closed,7,1,0,0,0,0,0,0
39377,pr,closed,0,0,0,0,0,0,0,1
39367,pr,closed,1,1,6,2,2,0,0,0
39366,pr,closed,0,0,0,0,0,0,0,0
39365,pr,closed,0,0,0,0,0,0,0,0
39362,pr,closed,1,1,0,0,0,0,0,0
39361,issue,closed,75,1,1,0,0,0,0,0
39348,pr,closed,14,1,15,0,0,0,7,4
39344,pr,closed,99,1,15,2,2,0,8,0
39342,pr,closed,0,0,0,0,0,0,0,0
39338,pr,closed,192,1,10,1,1,0,0,4
39337,pr,closed,21,1,5,0,0,0,1,1
39334,pr,closed,1,1,0,0,0,0,0,0
39311,issue,closed,7,1,1,0,0,0,0,0
39309,pr,closed,31,1,5,1,1,0,0,0
39302,pr,closed,4,1,1,0,0,0,0,0
39295,pr,closed,99,1,24,3,2,1,0,0
39282,pr,closed,3,0,0,0,0,0,0,0
39280,pr,closed,3,0,0,0,0,0,0,0
39278,pr,closed,3,0,0,0,0,0,0,0
39257,pr,closed,4,0,0,0,0,0,0,0
39247,pr,closed,101,1,1,1,1,0,0,0
39238,pr,closed,5,0,0,0,0,0,0,0
39236,pr,closed,121,1,4,2,2,0,0,0
39218,pr,closed,0,0,0,0,0,0,0,0
39217,pr,closed,0,0,0,0,0,0,0,0
39213,pr,closed,103,1,1,0,0,0,0,0
39211,pr,closed,0,1,0,0,0,0,0,0
39207,pr,closed,8,1,3,0,0,0,0,0
39202,pr,closed,34,0,6,0,0,0,0,0
39189,pr,closed,0,0,0,0,0,0,0,0
39177,pr,closed,1,1,0,0,0,0,0,0
39174,pr,closed,0,0,0,0,0,0,0,0
39173,pr,closed,0,0,0,0,0,0,0,0
39169,pr,closed,0,0,1,0,0,0,0,0
39168,pr,closed,36,0,20,4,4,0,0,0
39165,pr,closed,1,0,0,0,0,0,0,0
39164,pr,closed,0,0,0,0,0,0,0,0
39162,pr,closed,9,0,4,8,8,0,0,0
39158,pr,closed,1,1,0,0,0,0,0,0
39145,pr,closed,8,1,1,0,0,0,0,0
39139,pr,closed,0,1,0,0,0,0,0,0
39137,pr,closed,2,1,2,0,0,0,0,0
39127,pr,closed,2,1,1,0,0,0,0,0
39122,pr,closed,0,0,0,0,0,0,0,0
39121,pr,closed,29,1,6,0,0,0,0,1
39120,pr,closed,0,0,0,0,0,0,0,0
39119,pr,closed,7,1,2,1,1,0,0,0
39112,pr,closed,1,1,0,1,1,0,0,0
39100,pr,closed,1,1,1,0,0,0,0,0
39095,pr,closed,0,0,0,0,0,0,0,0
39093,pr,closed,0,0,0,0,0,0,0,0
39083,pr,closed,0,1,0,0,0,0,0,1
39082,pr,closed,2,1,0,0,0,0,0,0
39076,pr,closed,3,1,7,1,1,0,0,0
39074,pr,closed,2,0,0,0,0,0,0,0
39072,pr,closed,31,1,4,1,1,0,0,0
39071,pr,closed,9,1,5,1,1,0,0,2
39063,pr,closed,18,1,2,1,1,0,0,0
39062,pr,closed,0,0,0,0,0,0,0,0
39059,pr,closed,3,1,0,1,1,0,0,0
39053,pr,closed,1,1,0,0,0,0,0,0
39047,pr,closed,0,0,0,0,0,0,0,0
39046,pr,closed,0,0,0,0,0,0,0,0
39045,pr,closed,0,0,0,0,0,0,0,0
39044,pr,closed,31,1,4,0,0,0,0,0
39043,pr,closed,0,0,0,0,0,0,0,0
39042,pr,closed,0,0,0,0,0,0,0,0
39041,pr,closed,10,1,6,0,0,0,0,0
39038,pr,closed,6,1,4,2,2,0,0,0
39035,pr,closed,12,1,8,1,1,0,2,0
39034,pr,closed,48,1,10,0,0,0,2,5
39030,pr,closed,0,1,0,0,0,0,0,1
39027,pr,closed,0,1,0,0,0,0,0,1
39023,pr,closed,0,1,3,1,1,0,0,0
39017,pr,closed,0,0,0,0,0,0,0,1
39013,pr,closed,15,1,6,0,0,0,0,0
39012,pr,closed,0,1,3,0,0,0,0,1
38998,pr,closed,2,1,2,0,0,0,0,0
38997,pr,closed,1,1,0,0,0,0,0,0
38985,pr,closed,1,1,0,0,0,0,0,0
38984,pr,closed,1,1,0,0,0,0,0,0
38983,pr,closed,1,1,0,0,0,0,0,0
38980,pr,closed,40,0,6,2,2,0,0,0
38969,pr,closed,1,0,0,0,0,0,0,0
38952,pr,closed,7,1,0,0,0,0,0,0
38950,pr,closed,6,1,0,0,0,0,0,0
38945,pr,closed,0,1,0,0,0,0,0,0
38937,pr,closed,20,1,2,0,0,0,0,0
38921,pr,closed,0,0,0,0,0,0,0,0
38909,pr,closed,3,1,0,0,0,0,0,0
38892,pr,closed,0,0,0,0,0,0,0,0
38882,pr,closed,0,0,0,0,0,0,0,0
38872,pr,closed,116,1,5,0,0,0,0,1
38868,pr,closed,2,1,1,1,1,0,0,0
38845,pr,closed,1,0,0,0,0,0,0,0
38800,pr,closed,0,1,0,0,0,0,0,1
38787,pr,closed,0,0,0,0,0,0,0,1
38781,pr,closed,0,1,1,0,0,0,0,0
38778,pr,closed,4,1,0,0,0,0,0,0
38776,pr,closed,0,1,1,1,1,0,0,0
38771,pr,closed,0,0,1,0,0,0,0,0
38753,pr,closed,9,1,10,0,0,0,1,0
38746,pr,closed,76,1,4,1,1,0,0,1
38740,pr,closed,36,1,5,1,1,0,0,1
38734,pr,closed,19,1,6,0,0,0,0,0
38726,pr,closed,6,1,5,3,3,0,0,2
38718,pr,closed,105,0,7,0,0,0,0,0
38708,pr,closed,0,1,1,0,0,0,0,1
38707,pr,closed,0,0,0,0,0,0,0,0
38687,pr,closed,0,0,1,0,0,0,0,0
38679,pr,closed,437,1,1,1,1,0,0,0
38674,pr,closed,9,1,2,1,1,0,0,0
38672,pr,closed,9,1,2,3,3,0,0,0
38671,pr,closed,7,1,0,0,0,0,0,2
38669,pr,closed,8,1,0,0,0,0,0,0
38661,pr,closed,38,0,5,3,3,0,0,1
38660,pr,closed,48,1,3,0,0,0,0,0
38648,pr,closed,1,0,0,0,0,0,0,0
38642,pr,closed,2,0,0,0,0,0,0,0
38640,pr,closed,2,1,0,0,0,0,0,0
38636,pr,closed,47,1,1,0,0,0,0,0
38611,pr,closed,202,0,25,11,10,1,1,0
38605,pr,closed,1,0,3,2,2,0,0,0
38599,pr,closed,21,1,0,0,0,0,0,0
38597,pr,closed,12,1,2,1,1,0,0,0
38587,pr,closed,4,1,5,3,3,0,0,0
38556,pr,closed,0,0,2,0,0,0,0,0
38542,pr,closed,2,1,2,0,0,0,0,0
38540,pr,closed,14,1,14,0,0,0,0,0
38525,pr,closed,9,1,2,0,0,0,0,0
38522,pr,closed,1,1,4,1,1,0,0,0
38503,pr,closed,115,0,13,2,2,0,1,0
38501,pr,closed,15,1,3,0,0,0,0,0
38495,pr,closed,128,1,8,0,0,0,0,0
38491,pr,closed,17,1,2,2,2,0,0,1
38458,pr,closed,3,1,0,0,0,0,0,1
38449,pr,closed,11,1,2,0,0,0,0,0
38426,pr,closed,19,1,3,2,2,0,0,0
38404,pr,closed,81,1,1,0,0,0,0,0
38392,pr,closed,34,1,8,1,1,0,0,0
38380,pr,closed,16,1,2,0,0,0,0,0
38366,pr,closed,1,1,0,0,0,0,0,0
38330,pr,closed,2,0,0,0,0,0,0,0
38326,pr,closed,59,0,2,0,0,0,3,0
38322,pr,closed,241,1,52,4,4,0,3,2
38315,pr,closed,214,1,6,1,1,0,0,0
38313,pr,closed,93,1,3,0,0,0,0,0
38306,pr,closed,432,1,3,1,1,0,0,0
38294,pr,closed,25,1,1,0,0,0,0,0
38287,pr,closed,0,1,1,0,0,0,0,1
38278,pr,closed,26,1,6,1,1,0,0,0
38257,pr,closed,40,1,7,3,3,0,0,2
38253,pr,closed,1,1,0,0,0,0,0,1
38229,pr,closed,69,1,15,1,1,0,1,0
38226,pr,closed,97,0,8,0,0,0,0,0
38218,pr,closed,238,1,4,0,0,0,0,0
38211,pr,closed,0,0,0,0,0,0,0,0
38206,pr,closed,1,1,1,0,0,0,0,0
38204,pr,closed,308,1,5,1,1,0,0,0
38175,pr,closed,6,1,0,0,0,0,0,0
38156,pr,closed,71,1,3,0,0,0,1,1
38106,pr,closed,71,1,17,2,2,0,0,1
38102,pr,closed,74,1,15,1,1,0,2,1
38097,pr,closed,0,0,2,0,0,0,0,0
38088,pr,closed,36,0,13,5,5,0,1,2
38087,pr,closed,1,1,0,0,0,0,0,0
38083,pr,closed,5,1,1,0,0,0,1,1
38081,pr,closed,17,0,7,1,1,0,0,0
38072,pr,closed,5,1,2,0,0,0,0,2
38055,pr,closed,0,0,0,0,0,0,0,0
38051,pr,closed,4,0,0,0,0,0,0,0
37942,pr,closed,1,1,1,0,0,0,0,0
37919,pr,closed,0,0,0,0,0,0,0,0
37909,pr,closed,1,1,1,1,1,0,0,0
37907,pr,closed,1,1,0,0,0,0,0,0
37906,pr,closed,0,0,2,0,0,0,0,1
37905,pr,closed,42,0,1,0,0,0,0,0
37902,pr,closed,0,1,0,0,0,0,0,0
37886,pr,closed,2,1,3,1,1,0,0,0
37885,pr,closed,0,0,0,0,0,0,0,0
37863,pr,closed,13,1,4,0,0,0,0,0
37848,pr,closed,2,0,2,1,1,0,0,1
37846,pr,closed,82,0,2,0,0,0,0,0
37843,pr,closed,0,0,0,0,0,0,0,0
37841,pr,closed,5,0,0,0,0,0,0,1
37832,pr,closed,70,1,1,0,0,0,0,0
37823,pr,closed,81,1,3,0,0,0,1,0
37804,pr,closed,6,1,2,0,0,0,0,0
37802,pr,closed,1,1,0,0,0,0,0,0
37769,pr,closed,109,1,9,1,1,0,0,0
37761,pr,closed,1,0,0,0,0,0,0,0
37749,pr,closed,122,1,23,0,0,0,0,3
37725,pr,closed,0,0,0,0,0,0,0,0
37697,pr,closed,10,0,4,0,0,0,0,3
37686,pr,closed,289,0,13,3,3,0,1,0
37677,pr,closed,0,0,0,0,0,0,0,0
37668,pr,closed,104,1,5,2,2,0,0,0
37666,pr,closed,4,0,4,1,1,0,0,0
37663,pr,closed,326,1,19,11,10,1,1,1
37659,pr,closed,1,0,5,0,0,0,0,1
37647,pr,closed,21,1,23,0,0,0,0,0
37644,pr,closed,13,1,7,0,0,0,0,1
37642,pr,closed,0,0,1,0,0,0,0,0
37638,pr,closed,0,0,0,0,0,0,0,1
37628,pr,closed,0,0,0,0,0,0,0,0
37625,pr,closed,6,0,1,0,0,0,0,0
37613,pr,closed,13,1,4,0,0,0,0,0
37603,pr,closed,26,1,5,1,1,0,0,0
37590,pr,closed,8,1,3,1,1,0,0,0
37584,pr,closed,91,0,3,0,0,0,0,0
37583,pr,closed,9,1,1,0,0,0,0,0
37578,pr,closed,9,1,3,0,0,0,0,0
37577,pr,closed,76,1,10,0,0,0,0,0
37575,pr,closed,9,0,7,2,2,0,0,0
37572,pr,closed,76,0,23,2,2,0,0,0
37570,pr,closed,2,0,4,0,0,0,0,0
37564,pr,closed,9,1,2,0,0,0,0,0
37550,pr,closed,14,1,0,0,0,0,0,0
37511,pr,closed,2,0,0,0,0,0,0,0
37491,issue,closed,13,1,3,0,0,0,0,1
37419,pr,closed,0,0,0,0,0,0,0,0
37416,pr,closed,0,0,1,1,1,0,0,0
37410,pr,closed,0,0,3,0,0,0,0,0
37408,pr,closed,14,0,2,0,0,0,0,1
37404,pr,closed,0,0,0,0,0,0,0,0
37402,pr,closed,0,0,0,0,0,0,0,0
37383,pr,closed,31,1,0,0,0,0,0,0
37378,pr,closed,46,1,5,0,0,0,0,2
37362,pr,closed,1,0,3,0,0,0,0,0
37355,pr,closed,352,0,6,0,0,0,0,0
37344,pr,closed,0,0,0,0,0,0,0,0
37335,pr,closed,124,1,25,1,1,0,0,0
37334,pr,closed,32,0,5,0,0,0,0,0
37326,pr,closed,0,0,0,0,0,0,0,2
37321,pr,closed,31,0,4,0,0,0,0,0
37318,pr,closed,25,0,5,0,0,0,0,0
37313,pr,closed,28,1,0,0,0,0,0,0
37300,pr,closed,11,1,12,7,7,0,0,0
37297,pr,closed,17,1,7,2,2,0,0,0
37287,pr,closed,13,0,6,0,0,0,0,0
37285,pr,closed,139,0,5,0,0,0,0,0
37274,pr,closed,6,0,3,0,0,0,0,2
37245,pr,closed,1,1,4,3,3,0,0,0
37242,pr,closed,0,1,1,0,0,0,0,1
37240,pr,closed,7,1,9,0,0,0,0,0
37232,pr,closed,9,1,3,0,0,0,0,0
37229,pr,closed,178,0,15,2,2,0,0,4
37219,pr,closed,2,0,0,0,0,0,0,0
37217,pr,closed,9,1,3,0,0,0,0,0
37212,issue,closed,319,1,1,0,0,0,0,0
37204,pr,closed,4,1,0,0,0,0,0,0
37198,pr,closed,4,1,1,0,0,0,0,0
37197,pr,closed,9,1,4,0,0,0,0,0
37195,pr,closed,2,1,0,0,0,0,0,0
37192,pr,closed,94,1,23,0,0,0,0,3
37187,pr,closed,10,0,7,1,1,0,0,0
37185,pr,closed,98,1,3,1,0,1,0,0
37184,pr,closed,145,1,17,0,0,0,1,3
37169,pr,closed,6,1,4,0,0,0,0,0
37163,pr,closed,12,1,0,0,0,0,0,0
37162,pr,closed,6,1,8,0,0,0,0,0
37158,pr,closed,147,1,9,0,0,0,0,0
37155,pr,closed,76,0,18,0,0,0,0,0
37150,pr,closed,11,1,0,0,0,0,0,0
37149,pr,closed,28,1,5,0,0,0,0,0
37148,pr,closed,386,1,18,0,0,0,0,0
37146,pr,closed,56,1,13,8,8,0,1,2
37139,pr,closed,6,1,14,5,5,0,0,1
37136,pr,closed,13,1,4,0,0,0,0,0
37114,pr,closed,13,0,3,0,0,0,0,0
37111,pr,closed,0,0,0,0,0,0,0,1
37110,pr,closed,0,0,0,0,0,0,0,0
37097,pr,closed,0,1,0,0,0,0,0,0
37094,pr,closed,0,0,0,0,0,0,0,0
37085,pr,closed,34,1,10,0,0,0,0,0
37082,pr,closed,44,0,1,0,0,0,0,0
37080,pr,closed,0,0,6,1,1,0,0,0
37074,pr,closed,0,1,0,0,0,0,0,0
37072,pr,closed,0,1,7,0,0,0,0,0
37068,pr,closed,10,0,1,0,0,0,0,0
37059,pr,closed,28,1,11,1,1,0,0,2
37056,issue,closed,489,1,4,0,0,0,4,0
37052,pr,closed,1,1,0,0,0,0,0,0
37050,pr,closed,24,1,0,0,0,0,0,0
37016,pr,closed,4,1,0,0,0,0,0,0
37015,pr,closed,4,1,1,0,0,0,0,0
37014,pr,closed,3,1,0,0,0,0,0,0
37013,pr,closed,3,1,0,0,0,0,0,0
37012,pr,closed,3,1,0,0,0,0,0,0
37011,pr,closed,3,1,0,0,0,0,0,0
37010,pr,closed,3,1,2,0,0,0,0,1
37009,pr,closed,3,1,1,0,0,0,0,0
37008,pr,closed,0,0,0,0,0,0,0,0
37002,pr,closed,0,0,0,0,0,0,0,0
37000,pr,closed,41,1,10,0,0,0,0,1
36997,pr,closed,74,1,4,0,0,0,0,1
36991,pr,closed,8,1,1,1,1,0,0,0
36989,pr,closed,7,0,0,0,0,0,0,0
36987,pr,closed,5,1,0,0,0,0,0,0
36980,pr,closed,8,1,1,0,0,0,0,0
36977,pr,closed,0,0,0,0,0,0,0,0
36974,pr,closed,4,1,1,0,0,0,0,0
36964,pr,closed,7,0,3,0,0,0,0,1
36960,pr,closed,0,1,0,0,0,0,0,0
36945,pr,closed,0,0,2,1,1,0,0,0
36944,pr,closed,1,1,0,0,0,0,0,0
36922,pr,closed,276,0,3,0,0,0,1,0
36920,pr,closed,0,0,1,0,0,0,0,0
36911,pr,closed,147,0,8,1,1,0,0,1
36905,issue,closed,323,1,2,1,1,0,0,0
36875,pr,closed,304,2,9,2,2,0,0,2
36870,pr,closed,5,1,1,0,0,0,0,0
36864,pr,closed,9,1,2,0,0,0,0,0
36841,pr,closed,19,1,1,0,0,0,0,0
36833,pr,closed,235,0,16,4,4,0,1,1
36818,pr,closed,31,1,30,1,1,0,2,2
36809,pr,closed,3,1,0,0,0,0,0,0
36792,pr,closed,4,1,0,0,0,0,0,0
36788,pr,closed,0,0,0,0,0,0,0,0
36780,pr,closed,3,1,10,0,0,0,0,3
36770,issue,closed,85,1,2,0,0,0,0,1
36759,pr,closed,28,1,3,0,0,0,3,5
36754,pr,closed,59,0,0,0,0,0,0,0
36752,pr,closed,8,1,3,0,0,0,0,0
36750,pr,closed,0,0,0,0,0,0,0,0
36741,pr,closed,152,1,2,0,0,0,0,0
36729,pr,closed,181,0,14,4,4,0,0,4
36723,pr,closed,12,0,0,0,0,0,0,0
36721,pr,closed,8,1,7,1,0,1,0,1
36719,pr,closed,7,1,1,0,0,0,0,0
36715,pr,closed,3,1,0,0,0,0,0,0
36703,pr,closed,44,0,10,6,6,0,0,1
36700,pr,closed,18,1,0,0,0,0,0,0
36692,issue,closed,83,1,1,0,0,0,0,1
36691,pr,closed,119,1,24,5,5,0,0,2
36690,pr,closed,13,1,3,0,0,0,0,0
36688,pr,closed,5,0,1,0,0,0,0,1
36674,pr,closed,13,1,0,0,0,0,0,0
36673,pr,closed,41,1,6,2,2,0,1,1
36671,pr,closed,5,1,1,0,0,0,0,0
36670,pr,closed,1,0,0,0,0,0,0,0
36669,pr,closed,0,0,0,0,0,0,0,0
36660,pr,closed,28,1,1,1,1,0,0,0
36643,pr,closed,20,1,1,0,0,0,0,0
36641,pr,closed,19,1,2,0,0,0,0,0
36638,pr,closed,16,0,3,0,0,0,0,0
36637,pr,closed,1,1,2,1,1,0,0,0
36635,pr,closed,13,1,1,0,0,0,0,0
36621,pr,closed,98,1,2,0,0,0,0,0
36607,pr,closed,2,1,2,0,0,0,0,0
36604,pr,closed,0,0,1,0,0,0,0,0
36603,pr,closed,11,1,4,0,0,0,0,0
36602,pr,closed,119,1,12,1,1,0,0,0
36597,pr,closed,1,1,9,1,1,0,0,0
36596,pr,closed,0,0,6,1,1,0,0,2
36595,pr,closed,147,2,12,6,6,0,2,0
36591,pr,closed,316,1,17,1,1,0,0,3
36584,pr,closed,15,1,2,0,0,0,0,0
36577,pr,closed,51,1,3,0,0,0,0,0
36570,issue,closed,2,0,1,0,0,0,0,0
36569,issue,closed,3,1,4,0,0,0,0,0
36551,pr,closed,0,1,2,0,0,0,0,0
36547,pr,closed,123,1,2,0,0,0,0,0
36542,pr,closed,0,1,0,0,0,0,0,0
36538,pr,closed,60,0,2,0,0,0,0,0
36533,pr,closed,76,0,0,0,0,0,0,0
36530,pr,closed,4,1,1,0,0,0,0,0
36528,pr,closed,49,1,8,1,1,0,0,0
36514,pr,closed,1,0,1,0,0,0,0,0
36511,pr,closed,76,0,0,0,0,0,0,0
36510,pr,closed,22,1,0,1,1,0,0,0
36509,pr,closed,0,0,0,0,0,0,0,0
36505,pr,closed,9,0,1,0,0,0,0,0
36480,pr,closed,0,0,3,0,0,0,1,0
36478,pr,closed,0,0,1,0,0,0,0,0
36463,pr,closed,0,0,0,0,0,0,0,0
36460,pr,closed,2,1,7,0,0,0,0,0
36458,pr,closed,37,1,6,0,0,0,0,0
36457,pr,closed,1,1,3,1,1,0,0,0
36449,pr,closed,0,1,0,0,0,0,0,1
36438,pr,closed,1,0,0,0,0,0,0,0
36425,pr,closed,1,1,1,0,0,0,0,0
36424,pr,closed,1,1,2,0,0,0,0,0
36413,pr,closed,2,0,0,0,0,0,0,3
36407,pr,closed,261,0,8,0,0,0,0,0
36397,pr,closed,1,0,1,0,0,0,0,0
36389,pr,closed,11,1,2,0,0,0,0,0
36388,issue,closed,28,1,0,0,0,0,0,0
36386,pr,closed,3,0,2,0,0,0,1,0
36384,pr,closed,0,1,0,0,0,0,0,0
36370,pr,closed,145,1,14,1,1,0,0,0
36350,pr,closed,4,0,0,0,0,0,0,0
36345,pr,closed,56,0,2,0,0,0,0,0
36341,pr,closed,27,1,8,0,0,0,0,3
36335,pr,closed,0,0,0,0,0,0,0,0
36334,pr,closed,0,0,0,0,0,0,0,0
36331,pr,closed,0,0,0,0,0,0,0,0
36319,issue,closed,0,1,0,0,0,0,0,2
36300,pr,closed,31,1,4,0,0,0,0,0
36298,issue,closed,57,2,2,0,0,0,0,0
36294,issue,closed,141,3,2,1,1,0,0,0
36285,pr,closed,7,1,9,2,2,0,0,2
36281,pr,closed,57,1,18,1,1,0,3,1
36280,pr,closed,105,1,7,1,1,0,0,0
36268,pr,closed,0,0,2,1,1,0,0,0
36261,pr,closed,2,1,2,0,0,0,0,0
36243,pr,closed,0,0,0,0,0,0,0,3
36241,pr,closed,3,1,1,0,0,0,0,0
36204,pr,closed,16,1,3,0,0,0,0,0
36203,pr,closed,19,0,0,0,0,0,0,0
36190,pr,closed,68,1,2,0,0,0,0,0
36188,pr,closed,17,0,0,0,0,0,0,0
36182,pr,closed,2,0,2,0,0,0,0,1
36180,pr,closed,26,0,4,3,3,0,1,0
36178,pr,closed,0,0,0,0,0,0,0,0
36174,pr,closed,0,0,0,0,0,0,0,1
36161,pr,closed,18,1,1,0,0,0,0,0
36160,pr,closed,24,1,1,0,0,0,0,0
36158,pr,closed,27,1,2,1,1,0,0,1
36153,pr,closed,92,0,0,0,0,0,0,0
36145,pr,closed,0,0,5,0,0,0,0,0
36142,pr,closed,0,0,0,0,0,0,0,0
36135,pr,closed,67,1,2,0,0,0,0,0
36134,pr,closed,1,0,0,0,0,0,0,2
36129,pr,closed,5,1,11,0,0,0,0,0
36125,pr,closed,50,1,9,2,2,0,0,2
36120,pr,closed,36,0,3,0,0,0,0,0
36119,pr,closed,62,1,25,1,1,0,0,1
36114,pr,closed,85,0,14,6,6,0,0,0
36113,pr,closed,0,1,0,0,0,0,0,0
36098,pr,closed,95,1,3,0,0,0,0,0
36092,pr,closed,159,1,6,1,1,0,0,1
36066,pr,closed,0,0,0,0,0,0,0,0
36056,pr,closed,3,1,0,0,0,0,0,0
36050,pr,closed,35,1,5,0,0,0,0,0
36049,pr,closed,27,2,6,0,0,0,0,0
36046,pr,closed,27,2,4,0,0,0,0,0
36044,pr,closed,2,0,0,0,0,0,0,0
36040,pr,closed,0,1,1,0,0,0,0,1
36033,issue,closed,0,3,4,0,0,0,0,1
36030,issue,closed,0,3,2,0,0,0,0,0
36027,pr,closed,3,1,3,0,0,0,0,0
36020,pr,closed,0,0,0,0,0,0,0,0
36012,pr,closed,6,1,0,0,0,0,0,0
36010,pr,closed,67,1,3,0,0,0,0,0
36006,pr,closed,3,1,5,0,0,0,0,0
36002,pr,closed,0,1,0,0,0,0,0,0
35969,pr,closed,0,0,0,0,0,0,0,0
35967,pr,closed,0,0,0,0,0,0,0,0
35965,pr,closed,0,1,0,0,0,0,0,0
35961,pr,closed,6,1,3,0,0,0,1,0
35952,pr,closed,0,0,0,0,0,0,0,0
35928,pr,closed,7,1,2,0,0,0,0,0
35927,pr,closed,0,0,0,0,0,0,0,0
35925,pr,closed,6,0,4,0,0,0,1,1
35920,pr,closed,0,0,0,0,0,0,0,0
35915,pr,closed,0,0,0,0,0,0,0,0
35914,pr,closed,0,0,0,0,0,0,0,0
35902,pr,closed,1,0,0,0,0,0,0,0
35891,pr,closed,0,0,0,0,0,0,0,0
35889,pr,closed,0,0,0,0,0,0,0,0
35888,pr,closed,0,0,0,0,0,0,0,0
35886,pr,closed,82,0,2,0,0,0,0,1
35885,pr,closed,0,0,1,0,0,0,0,0
35882,issue,closed,0,1,1,0,0,0,0,0
35875,pr,closed,0,0,1,0,0,0,0,2
35863,pr,closed,0,0,0,0,0,0,0,0
35861,pr,closed,0,0,0,0,0,0,0,0
35859,pr,closed,9,1,0,0,0,0,0,0
35855,pr,closed,0,0,0,0,0,0,0,0
35854,pr,closed,234,0,7,3,3,0,0,0
35853,pr,closed,82,0,8,1,1,0,0,1
35849,pr,closed,1,0,1,0,0,0,0,0
35832,pr,closed,223,0,1,1,1,0,0,0
35828,pr,closed,59,1,2,0,0,0,1,0
35800,pr,closed,4,1,0,0,0,0,0,0
35792,pr,closed,0,0,0,0,0,0,0,0
35791,pr,closed,0,0,0,0,0,0,0,0
35787,pr,closed,0,0,0,0,0,0,0,0
35786,pr,closed,6,1,6,0,0,0,0,0
35785,pr,closed,0,0,0,0,0,0,0,0
35783,pr,closed,0,0,0,0,0,0,0,0
35782,pr,closed,0,0,1,1,1,0,0,0
35780,pr,closed,0,0,0,0,0,0,0,0
35777,pr,closed,0,0,0,0,0,0,0,0
35767,pr,closed,4,0,3,0,0,0,0,0
35753,pr,closed,60,1,5,0,0,0,0,0
35752,pr,closed,0,1,0,0,0,0,0,1
35750,pr,closed,4,1,0,0,0,0,0,0
35746,pr,closed,4,0,2,0,0,0,0,0
35744,pr,closed,6,0,1,1,1,0,0,0
35736,pr,closed,0,0,0,0,0,0,0,0
35735,pr,closed,12,1,4,2,2,0,0,1
35732,pr,closed,4,1,2,0,0,0,0,0
35731,pr,closed,25,0,4,3,3,0,0,0
35730,pr,closed,0,0,3,1,1,0,0,0
35701,pr,closed,1,0,0,0,0,0,0,0
35700,pr,closed,1,0,1,0,0,0,0,0
35695,pr,closed,0,0,0,0,0,0,0,0
35692,pr,closed,0,0,0,0,0,0,0,0
35691,pr,closed,0,0,1,0,0,0,0,0
35684,pr,closed,54,1,12,2,2,0,0,1
35682,pr,closed,1,0,2,1,1,0,0,1
35679,pr,closed,2,0,2,1,1,0,0,0
35678,pr,closed,9,0,12,0,0,0,0,0
35666,pr,closed,0,1,0,0,0,0,0,0
35659,pr,closed,0,0,0,0,0,0,0,0
35650,pr,closed,0,1,0,0,0,0,0,0
35648,pr,closed,0,1,0,0,0,0,0,0
35646,pr,closed,0,0,1,0,0,0,0,0
35642,pr,closed,0,0,0,0,0,0,0,0
35641,pr,closed,0,0,0,0,0,0,0,0
35639,pr,closed,0,0,0,0,0,0,0,0
35602,pr,closed,38,1,2,0,0,0,0,0
35594,pr,closed,0,1,0,0,0,0,0,0
35585,pr,closed,0,1,0,0,0,0,0,0
35582,pr,closed,0,0,0,0,0,0,0,0
35563,pr,closed,12,0,3,0,0,0,0,1
35560,pr,closed,60,1,2,0,0,0,0,0
35557,pr,closed,0,0,0,0,0,0,0,0
35555,pr,closed,2,0,0,0,0,0,0,0
35545,pr,closed,3,1,0,0,0,0,0,1
35544,pr,closed,0,0,0,0,0,0,0,1
35538,pr,closed,94,1,5,0,0,0,0,0
35536,pr,closed,308,1,2,1,1,0,0,0
35533,pr,closed,60,1,28,4,4,0,0,0
35526,pr,closed,22,1,0,0,0,0,0,0
35522,issue,closed,0,1,2,0,0,0,0,0
35514,pr,closed,0,0,0,1,1,0,0,0
35513,pr,closed,0,0,0,0,0,0,0,0
35508,pr,closed,4,1,1,0,0,0,0,0
35500,pr,closed,0,0,3,0,0,0,0,0
35487,pr,closed,6,0,5,0,0,0,0,0
35460,pr,closed,57,1,41,5,5,0,4,10
35456,pr,closed,1,1,5,0,0,0,0,0
35449,pr,closed,1,0,0,0,0,0,0,0
35440,pr,closed,19,1,2,0,0,0,0,0
35422,pr,closed,76,0,4,0,0,0,0,2
35421,pr,closed,73,0,5,0,0,0,0,0
35418,pr,closed,2,1,0,0,0,0,0,0
35416,pr,closed,0,0,2,1,1,0,0,0
35414,pr,closed,0,1,0,0,0,0,0,0
35406,pr,closed,1,0,5,0,0,0,0,0
35404,pr,closed,6,0,1,0,0,0,0,0
35381,pr,closed,35,1,5,0,0,0,0,0
35379,pr,closed,0,0,1,0,0,0,0,0
35374,pr,closed,0,0,0,0,0,0,0,0
35372,pr,closed,25,1,0,0,0,0,0,0
35369,pr,closed,2,1,0,0,0,0,0,0
35367,pr,closed,0,0,0,0,0,0,0,0
35361,pr,closed,505,1,29,5,5,0,1,3
35359,pr,closed,0,0,0,0,0,0,0,0
35355,pr,closed,0,1,0,0,0,0,0,0
35339,pr,closed,0,0,1,0,0,0,0,0
35335,pr,closed,1,1,11,1,1,0,0,3
35317,pr,closed,774,1,12,0,0,0,0,0
35313,pr,closed,5,1,24,5,5,0,0,0
35304,pr,closed,63,1,4,0,0,0,0,0
35303,pr,closed,24,1,1,0,0,0,0,0
35291,pr,closed,3,1,1,1,1,0,0,0
35284,pr,closed,199,0,14,1,1,0,2,1
35262,pr,closed,24,1,0,0,0,0,0,0
35245,pr,closed,4,1,0,0,0,0,0,0
35240,pr,closed,15,1,2,0,0,0,0,0
35234,pr,closed,7,1,3,0,0,0,0,0
35226,pr,closed,25,1,12,1,1,0,1,1
35199,issue,closed,12,1,0,0,0,0,0,3
35196,pr,closed,0,0,0,0,0,0,0,0
35195,issue,closed,0,1,0,0,0,0,0,0
35188,pr,closed,0,1,1,0,0,0,0,1
35186,pr,closed,78,1,7,1,1,0,0,1
35185,pr,closed,0,0,0,0,0,0,0,0
35182,pr,closed,8,0,0,0,0,0,0,0
35180,pr,closed,14,0,3,0,0,0,0,2
35179,pr,closed,13,1,2,0,0,0,0,0
35178,pr,closed,74,1,2,0,0,0,0,0
35167,pr,closed,6,0,0,0,0,0,0,0
35106,pr,closed,1,0,0,0,0,0,0,0
35101,pr,closed,2,0,1,0,0,0,0,0
35070,pr,closed,31,1,11,0,0,0,1,0
35037,pr,closed,64,1,3,0,0,0,0,0
35012,pr,closed,2,1,0,0,0,0,0,0
35003,pr,closed,4,0,1,0,0,0,0,0
34997,issue,closed,1006,2,13,0,0,0,0,0
34996,pr,closed,5,0,0,0,0,0,0,0
34995,pr,closed,0,0,0,0,0,0,0,0
34991,pr,closed,0,0,0,0,0,0,0,0
34983,pr,closed,0,0,0,0,0,0,0,0
34977,pr,closed,4,1,0,0,0,0,0,0
34970,pr,closed,227,0,20,7,7,0,1,2
34963,pr,closed,124,1,6,2,2,0,0,0
34947,pr,closed,14,1,9,1,1,0,0,2
34930,pr,closed,0,0,1,0,0,0,0,0
34902,pr,closed,0,0,0,0,0,0,0,0
34874,pr,closed,0,1,0,0,0,0,0,1
34873,pr,closed,0,0,0,0,0,0,0,0
34871,pr,closed,0,0,0,0,0,0,0,0
34869,pr,closed,13,0,6,0,0,0,1,0
34868,pr,closed,1,1,19,5,5,0,0,1
34845,pr,closed,0,0,1,0,0,0,0,0
34836,pr,closed,0,0,1,0,0,0,0,0
34835,pr,closed,274,0,35,15,15,0,0,4
34834,pr,closed,97,1,23,0,0,0,1,4
34833,pr,closed,2,1,5,0,0,0,0,0
34797,pr,closed,0,1,1,0,0,0,0,0
34791,pr,closed,1,1,0,0,0,0,0,0
34779,pr,closed,34,1,5,1,1,0,0,0
34746,pr,closed,6,1,5,0,0,0,0,1
34738,pr,closed,0,0,0,0,0,0,0,0
34726,pr,closed,0,0,0,0,0,0,0,0
34720,pr,closed,5,1,0,0,0,0,0,0
34719,pr,closed,7,1,10,2,2,0,0,4
34718,pr,closed,119,1,20,4,4,0,3,2
34712,pr,closed,4,1,0,0,0,0,0,0
34698,pr,closed,6,1,2,0,0,0,0,0
34682,pr,closed,0,0,0,0,0,0,0,1
34674,pr,closed,1,1,0,0,0,0,0,0
34673,pr,closed,9,1,16,2,2,0,0,1
34671,pr,closed,23,1,3,0,0,0,0,1
34661,pr,closed,7,1,2,0,0,0,0,0
34657,pr,closed,0,0,0,0,0,0,0,0
34621,pr,closed,7,1,2,0,0,0,0,0
34613,pr,closed,2,1,0,0,0,0,0,0
34606,pr,closed,78,1,7,0,0,0,1,2
34599,pr,closed,1,0,3,0,0,0,0,0
34592,pr,closed,3,1,15,1,1,0,0,3
34589,pr,closed,8,0,8,0,0,0,0,2
34587,pr,closed,0,0,3,0,0,0,0,3
34578,pr,closed,89,0,5,1,1,0,0,3
34551,pr,closed,8,1,0,0,0,0,0,0
34548,pr,closed,129,1,25,6,6,0,2,3
34545,pr,closed,3,0,0,0,0,0,0,0
34521,pr,closed,0,0,2,0,0,0,0,0
34519,pr,closed,13,0,0,0,0,0,0,0
34502,pr,closed,15,1,4,0,0,0,0,0
34494,pr,closed,79,1,35,1,1,0,0,4
34487,pr,closed,1,1,2,0,0,0,0,0
34485,pr,closed,3,1,0,0,0,0,0,0
34474,issue,closed,1,3,4,0,0,0,0,0
34473,issue,closed,6,2,4,0,0,0,0,0
34468,pr,closed,13,1,8,1,1,0,0,0
34466,pr,closed,6,1,1,0,0,0,0,0
34464,pr,closed,0,0,0,0,0,0,0,0
34444,pr,closed,12,1,0,0,0,0,0,0
34443,issue,closed,0,1,0,0,0,0,0,0
34435,pr,closed,84,0,4,0,0,0,0,0
34421,issue,open,,1,0,0,0,0,1,0
34420,pr,closed,1,1,3,0,0,0,0,1
34408,pr,closed,15,1,0,0,0,0,0,0
34407,pr,closed,8,1,2,0,0,0,0,0
34406,pr,closed,2,0,1,0,0,0,0,0
34401,pr,closed,290,0,4,4,4,0,0,0
34397,issue,closed,1,1,4,0,0,0,0,1
34383,pr,closed,0,0,0,0,0,0,0,0
34380,pr,closed,16,1,4,0,0,0,0,0
34367,pr,closed,177,0,13,1,1,0,0,2
34364,pr,closed,3,0,0,0,0,0,0,0
34360,pr,closed,11,1,3,0,0,0,0,0
34348,pr,closed,0,0,2,0,0,0,0,0
34339,pr,closed,5,1,1,0,0,0,0,0
34327,pr,closed,6,1,3,0,0,0,0,0
34322,pr,closed,5,1,5,0,0,0,0,0
34317,pr,closed,4,1,0,0,0,0,0,0
34313,pr,closed,14,1,0,0,0,0,0,0
34286,pr,closed,1,0,0,0,0,0,0,1
34281,pr,closed,70,0,6,1,1,0,0,0
34279,pr,closed,14,0,6,6,6,0,0,0
34257,pr,closed,2,1,0,0,0,0,0,0
34252,pr,closed,14,0,9,3,3,0,2,0
34251,pr,closed,106,1,22,2,2,0,3,1
34219,pr,closed,22,1,1,1,1,0,0,0
34207,pr,closed,1,1,5,1,1,0,0,0
34199,pr,closed,22,1,1,0,0,0,0,0
34194,pr,closed,1,1,0,0,0,0,0,0
34187,pr,closed,19,1,20,2,2,0,0,1
34181,pr,closed,16,1,2,0,0,0,0,1
34176,pr,closed,0,0,0,0,0,0,0,0
34173,pr,closed,5,1,4,0,0,0,1,0
34168,pr,closed,4,0,1,0,0,0,0,0
34162,pr,closed,3,1,0,0,0,0,0,0
34149,issue,closed,0,1,2,0,0,0,0,0
34143,pr,closed,5,1,3,0,0,0,0,0
34142,pr,closed,17,1,3,0,0,0,0,0
34138,pr,closed,4,0,0,0,0,0,0,0
34121,issue,closed,98,1,12,0,0,0,0,0
34113,pr,closed,111,0,2,0,0,0,0,0
34082,issue,closed,0,1,0,0,0,0,0,0
34078,pr,closed,198,1,22,2,2,0,1,2
34076,issue,closed,42,1,10,0,0,0,0,1
34068,issue,closed,0,1,4,0,0,0,0,0
34065,pr,closed,0,1,0,0,0,0,0,0
34062,pr,closed,8,1,1,0,0,0,0,0
34059,pr,closed,0,0,0,0,0,0,0,0
34057,pr,closed,22,1,10,3,2,1,0,0
34053,pr,closed,0,0,0,0,0,0,0,0
34052,pr,closed,0,0,0,0,0,0,0,1
34019,pr,closed,13,1,7,0,0,0,0,0
33976,pr,closed,4,1,6,0,0,0,0,1
33975,pr,closed,7,0,4,0,0,0,0,0
33972,pr,closed,5,1,3,0,0,0,0,1
33948,pr,closed,280,2,20,2,2,0,0,1
33942,pr,closed,36,1,2,0,0,0,0,0
33934,pr,closed,35,1,15,2,2,0,0,1
33920,pr,closed,142,1,6,0,0,0,0,0
33907,pr,closed,28,1,7,0,0,0,0,0
33905,pr,closed,13,1,9,8,8,0,0,0
33887,pr,closed,8,0,0,0,0,0,0,0
33853,pr,closed,1,0,4,0,0,0,2,0
33851,pr,closed,3,1,4,0,0,0,0,0
33848,pr,closed,0,0,0,0,0,0,0,0
33846,pr,closed,1,1,3,0,0,0,1,0
33844,pr,closed,3,1,2,0,0,0,0,0
33782,pr,closed,29,1,5,1,1,0,1,0
33761,issue,closed,58,1,2,0,0,0,0,0
33756,pr,closed,151,1,9,1,1,0,0,2
33748,pr,closed,2,1,0,0,0,0,0,0
33746,pr,closed,6,1,2,0,0,0,0,0
33742,pr,closed,0,0,0,0,0,0,0,0
33738,pr,closed,41,1,0,0,0,0,0,0
33734,pr,closed,24,1,1,1,1,0,0,0
33733,pr,closed,0,0,0,0,0,0,0,0
33725,issue,closed,458,5,13,1,1,0,0,0
33719,pr,closed,32,0,10,0,0,0,0,0
33714,pr,closed,13,1,2,0,0,0,0,0
33707,pr,closed,11,1,7,0,0,0,0,0
33686,pr,closed,4,1,2,4,4,0,0,0
33682,pr,closed,13,1,2,0,0,0,0,0
33663,pr,closed,0,0,0,0,0,0,0,0
33650,pr,closed,2,1,0,0,0,0,0,0
33643,pr,closed,0,0,0,0,0,0,0,0
33638,pr,closed,7,0,0,0,0,0,0,0
33636,pr,closed,2,1,1,0,0,0,0,0
33614,pr,closed,13,1,2,0,0,0,0,0
33603,pr,closed,58,1,6,0,0,0,0,0
33579,pr,closed,100,1,5,0,0,0,0,2
33569,pr,closed,0,1,2,1,1,0,0,0
33566,pr,closed,213,0,23,3,3,0,0,1
33537,pr,closed,126,1,1,0,0,0,0,0
33519,pr,closed,9,1,3,0,0,0,0,1
33501,pr,closed,7,1,1,0,0,0,0,0
33499,pr,closed,21,1,5,1,1,0,0,0
33496,pr,closed,0,1,0,0,0,0,0,0
33490,pr,closed,3,1,0,0,0,0,0,2
33486,pr,closed,34,1,6,0,0,0,0,1
33481,pr,closed,48,1,8,0,0,0,0,0
33476,pr,closed,8,1,10,1,1,0,0,0
33463,pr,closed,1,1,0,0,0,0,0,0
33447,pr,closed,1,1,0,0,0,0,0,2
33446,pr,closed,0,1,2,0,0,0,0,3
33438,pr,closed,35,0,1,0,0,0,0,0
33437,pr,closed,0,1,1,1,1,0,0,2
33434,pr,closed,0,1,0,0,0,0,0,2
33428,pr,closed,0,1,0,1,1,0,0,0
33417,pr,closed,48,1,9,2,2,0,0,1
33395,pr,closed,12,1,19,1,1,0,0,1
33388,pr,closed,49,1,7,2,2,0,0,1
33362,pr,closed,12,1,1,0,0,0,0,0
33360,pr,closed,2,1,0,0,0,0,0,0
33358,pr,closed,34,1,2,0,0,0,0,0
33357,pr,closed,1,1,0,0,0,0,0,0
33355,pr,closed,34,0,2,1,1,0,0,0
33349,pr,closed,39,0,2,1,1,0,0,0
33345,pr,closed,4,1,0,0,0,0,0,0
33302,pr,closed,6,1,1,0,0,0,0,0
33299,pr,closed,38,0,26,17,17,0,0,0
33287,pr,closed,30,1,7,1,1,0,0,0
33283,pr,closed,5,1,21,3,3,0,0,1
33279,pr,closed,125,1,9,0,0,0,0,1
33267,pr,closed,55,1,17,0,0,0,0,2
33258,pr,closed,1,0,0,0,0,0,0,0
33257,pr,closed,3,1,7,0,0,0,0,1
33252,pr,closed,206,0,4,0,0,0,0,2
33249,pr,closed,0,1,0,0,0,0,0,0
33245,pr,closed,1,1,2,1,1,0,0,0
33244,pr,closed,6,1,1,0,0,0,0,0
33228,pr,closed,1,0,3,0,0,0,1,0
33227,pr,closed,54,1,13,0,0,0,1,2
33222,pr,closed,11,1,0,0,0,0,0,0
33216,pr,closed,19,1,14,1,1,0,0,5
33211,pr,closed,28,0,14,0,0,0,3,3
33197,pr,closed,9,1,4,0,0,0,0,0
33194,pr,closed,7,1,5,3,3,0,0,1
33193,pr,closed,6,1,1,0,0,0,0,0
33180,pr,closed,0,0,0,0,0,0,0,0
33144,pr,closed,20,0,1,0,0,0,0,0
33133,pr,closed,0,1,0,0,0,0,0,0
33131,pr,closed,18,1,8,0,0,0,0,0
33125,pr,closed,60,0,1,0,0,0,0,0
33108,issue,closed,1538,2,6,1,1,0,0,1
32999,pr,closed,3,1,2,0,0,0,0,0
32998,pr,closed,26,0,8,0,0,0,0,0
32985,pr,closed,3,1,0,0,0,0,0,0
32981,pr,closed,53,0,0,0,0,0,0,0
32973,pr,closed,17,1,5,0,0,0,0,0
32972,pr,closed,54,0,4,0,0,0,0,3
32969,issue,closed,11,1,0,0,0,0,0,2
32900,pr,closed,0,0,0,0,0,0,0,0
32894,pr,closed,19,1,3,1,1,0,0,0
32888,pr,closed,64,0,4,0,0,0,0,4
32885,issue,closed,453,1,10,1,1,0,0,1
32883,pr,closed,146,0,1,0,0,0,1,1
32872,pr,closed,2,1,0,0,0,0,0,0
32852,pr,closed,0,0,0,0,0,0,0,0
32851,pr,closed,13,0,1,0,0,0,0,0
32840,pr,closed,25,1,4,1,1,0,0,0
32824,pr,closed,47,0,3,3,3,0,0,0
32814,pr,closed,2,0,0,0,0,0,0,2
32811,pr,closed,0,1,1,0,0,0,0,1
32799,pr,closed,26,1,1,0,0,0,0,0
32796,pr,closed,15,0,4,0,0,0,0,1
32791,pr,closed,2,1,3,0,0,0,0,0
32788,pr,closed,65,0,19,0,0,0,3,0
32775,pr,closed,4,1,2,1,1,0,0,0
32717,pr,closed,5,1,5,1,1,0,0,2
32714,pr,closed,3,1,0,0,0,0,0,1
32701,pr,closed,0,0,2,1,1,0,0,0
32694,pr,closed,370,1,40,8,8,0,0,0
32684,pr,closed,12,0,10,0,0,0,0,0
32667,pr,closed,145,1,27,5,5,0,1,2
32620,pr,closed,7,1,1,0,0,0,0,0
32614,pr,closed,20,1,3,0,0,0,0,0
32605,pr,closed,27,1,4,1,1,0,0,0
32596,pr,closed,0,0,2,0,0,0,0,1
32583,pr,closed,5,1,7,0,0,0,0,0
32582,pr,closed,5,1,0,1,1,0,0,0
32558,pr,closed,1,1,0,0,0,0,0,0
32555,pr,closed,0,0,0,0,0,0,0,0
32544,pr,closed,157,0,1,0,0,0,0,0
32538,pr,closed,0,0,0,0,0,0,0,0
32508,pr,closed,12,1,0,0,0,0,0,0
32480,pr,closed,3,1,6,0,0,0,0,3
32422,pr,closed,36,1,5,0,0,0,0,0
32381,pr,closed,22,0,2,1,1,0,0,0
32377,pr,closed,1,1,2,0,0,0,0,0
32360,pr,closed,9,2,17,6,6,0,6,0
32359,pr,closed,0,0,0,0,0,0,0,0
32356,pr,closed,20,1,13,0,0,0,0,0
32347,pr,closed,35,1,5,2,2,0,0,0
32341,pr,closed,2,1,11,0,0,0,0,3
32334,pr,closed,0,0,0,0,0,0,0,0
32333,pr,closed,0,0,0,0,0,0,0,0
32304,pr,closed,0,0,0,0,0,0,0,0
32303,pr,closed,0,0,0,0,0,0,0,0
32285,pr,closed,155,0,9,2,2,0,0,0
32284,pr,closed,9,0,1,0,0,0,0,0
32283,pr,closed,60,1,0,0,0,0,0,0
32276,pr,closed,1,0,0,0,0,0,0,0
32275,pr,closed,60,0,0,0,0,0,0,0
32268,pr,closed,0,0,0,0,0,0,0,0
32266,pr,closed,4,1,2,0,0,0,0,1
32240,pr,closed,12,1,2,0,0,0,0,0
32235,pr,closed,0,0,0,0,0,0,0,0
32234,issue,closed,11,0,2,2,2,0,0,0
32231,pr,closed,3,1,0,0,0,0,0,1
32230,pr,closed,0,0,0,0,0,0,0,1
32229,pr,closed,6,1,2,0,0,0,0,0
32216,pr,closed,0,0,0,0,0,0,0,0
32209,pr,closed,0,0,1,0,0,0,0,1
32208,pr,closed,0,0,0,0,0,0,0,0
32190,pr,closed,0,0,0,0,0,0,0,0
32169,pr,closed,9,1,6,0,0,0,0,0
32156,pr,closed,0,1,0,0,0,0,0,1
32150,pr,closed,0,0,0,0,0,0,0,1
32138,pr,closed,0,0,0,0,0,0,0,0
32134,pr,closed,0,1,0,0,0,0,0,0
32127,pr,closed,10,1,4,0,0,0,0,0
32107,pr,closed,0,1,1,0,0,0,0,0
32106,pr,closed,22,1,5,1,1,0,0,1
32104,pr,closed,11,0,5,0,0,0,0,0
32101,pr,closed,0,0,0,0,0,0,0,0
32099,pr,closed,0,0,0,0,0,0,0,0
32097,pr,closed,0,0,0,0,0,0,0,0
32096,pr,closed,0,0,2,0,0,0,0,0
32093,pr,closed,0,0,0,0,0,0,0,0
32092,pr,closed,0,0,0,0,0,0,0,0
32082,pr,closed,0,0,0,0,0,0,0,0
32081,pr,closed,17,1,21,5,5,0,0,0
32077,pr,closed,0,0,0,0,0,0,0,0
32074,pr,closed,0,0,0,0,0,0,0,0
32068,pr,closed,0,0,0,0,0,0,0,0
32065,pr,closed,0,0,0,0,0,0,0,0
32063,pr,closed,75,0,0,0,0,0,0,0
32060,pr,closed,3,1,1,0,0,0,0,0
32055,pr,closed,0,0,0,0,0,0,0,0
32054,pr,closed,83,1,24,0,0,0,3,7
32048,issue,closed,3,1,1,0,0,0,0,0
32044,pr,closed,16,1,4,0,0,0,0,0
32038,pr,closed,5,0,0,0,0,0,0,0
31998,pr,closed,69,1,2,0,0,0,0,0
31981,pr,closed,0,0,1,1,1,0,0,0
31968,pr,closed,0,1,0,0,0,0,0,0
31963,pr,closed,0,1,1,0,0,0,1,9
31953,pr,closed,75,1,1,0,0,0,0,0
31939,pr,closed,11,1,0,0,0,0,0,0
31936,pr,closed,335,0,1,0,0,0,0,0
31933,pr,closed,0,0,0,0,0,0,0,0
31910,pr,closed,76,1,7,1,1,0,0,0
31900,issue,closed,1597,2,9,0,0,0,0,0
31893,pr,closed,47,1,4,0,0,0,0,0
31873,pr,closed,0,0,3,3,2,1,0,0
31864,pr,closed,0,1,1,0,0,0,0,1
31861,pr,closed,0,0,0,0,0,0,0,0
31860,pr,closed,147,1,22,2,2,0,0,2
31855,pr,closed,0,1,0,0,0,0,0,1
31850,pr,closed,15,1,1,0,0,0,0,0
31846,pr,closed,0,0,0,0,0,0,0,0
31844,pr,closed,0,0,0,0,0,0,0,0
31826,pr,closed,134,1,18,1,1,0,0,3
31812,pr,closed,15,1,0,0,0,0,0,0
31809,pr,closed,0,0,2,0,0,0,1,0
31808,pr,closed,1,0,1,0,0,0,0,0
31805,pr,closed,1,0,2,0,0,0,0,0
31803,pr,closed,1,0,0,0,0,0,0,0
31801,pr,closed,868,1,10,0,0,0,0,3
31792,pr,closed,4,1,0,0,0,0,0,0
31781,pr,closed,3,1,2,0,0,0,1,1
31772,pr,closed,4,1,6,0,0,0,0,0
31766,pr,closed,0,0,0,0,0,0,0,0
31755,pr,closed,4,0,0,0,0,0,0,0
31750,pr,closed,0,0,0,0,0,0,0,0
31732,pr,closed,49,0,25,2,2,0,0,6
31731,pr,closed,26,1,1,0,0,0,0,0
31725,pr,closed,0,0,0,0,0,0,0,0
31710,pr,closed,0,0,0,0,0,0,0,0
31706,pr,closed,56,1,6,1,1,0,0,2
31702,pr,closed,19,1,3,0,0,0,2,0
31695,pr,closed,7,1,0,0,0,0,0,0
31691,pr,closed,21,1,2,0,0,0,0,0
31633,pr,closed,0,0,1,0,0,0,0,0
31624,pr,closed,36,1,9,0,0,0,0,0
31611,pr,closed,0,1,0,0,0,0,0,0
31596,pr,closed,87,0,1,0,0,0,0,0
31595,pr,closed,0,0,1,0,0,0,0,0
31594,pr,closed,0,0,1,0,0,0,0,0
31574,pr,closed,1,0,0,0,0,0,0,0
31561,pr,closed,2,0,1,0,0,0,0,0
31556,pr,closed,2,0,0,0,0,0,0,0
31554,pr,closed,25,1,0,0,0,0,0,0
31552,pr,closed,3,0,0,0,0,0,0,0
31548,pr,closed,0,0,1,0,0,0,0,0
31545,pr,closed,0,0,0,0,0,0,0,0
31535,pr,closed,87,0,15,3,3,0,0,2
31534,pr,closed,0,1,0,0,0,0,0,0
31523,pr,closed,86,1,3,0,0,0,0,0
31509,pr,closed,0,0,0,0,0,0,0,0
31500,pr,closed,75,0,0,0,0,0,0,0
31498,pr,closed,0,0,0,0,0,0,0,2
31495,pr,closed,0,0,0,0,0,0,1,0
31492,pr,closed,5,1,0,0,0,0,0,0
31482,pr,closed,11,1,0,0,0,0,0,0
31481,pr,closed,40,1,9,2,2,0,0,1
31466,pr,closed,0,1,1,0,0,0,0,0
31465,pr,closed,0,0,0,0,0,0,0,0
31457,pr,closed,9,1,3,0,0,0,0,4
31448,pr,closed,1,1,0,0,0,0,0,0
31431,pr,closed,33,1,1,0,0,0,0,0
31429,pr,closed,0,0,0,0,0,0,0,0
31422,pr,closed,1,0,0,0,0,0,0,0
31409,pr,closed,37,1,4,1,1,0,0,1
31408,issue,open,,2,8,4,4,0,1,0
31406,pr,closed,0,1,0,0,0,0,0,0
31405,pr,closed,88,0,4,1,1,0,0,1
31404,pr,closed,7,1,4,2,2,0,1,0
31395,pr,closed,8,0,0,0,0,0,0,0
31380,pr,closed,1,1,3,1,1,0,0,0
31372,pr,closed,0,0,0,0,0,0,0,0
31367,pr,closed,110,1,4,0,0,0,0,0
31361,pr,closed,3,0,0,0,0,0,0,0
31359,pr,closed,257,1,2,0,0,0,0,0
31356,pr,closed,45,1,6,0,0,0,0,1
31351,pr,closed,5,0,0,0,0,0,0,0
31330,issue,closed,5,1,0,0,0,0,0,1
31329,pr,closed,3,0,3,0,0,0,0,0
31324,pr,closed,0,0,0,0,0,0,0,0
31307,pr,closed,97,1,19,2,2,0,0,0
31303,pr,closed,81,0,3,0,0,0,0,0
31297,pr,closed,1,1,0,0,0,0,0,0
31294,pr,closed,0,0,0,0,0,0,0,0
31293,pr,closed,6,0,0,0,0,0,0,0
31275,pr,closed,113,1,10,1,1,0,0,0
31273,pr,closed,9,1,5,0,0,0,0,1
31265,pr,closed,2,1,1,0,0,0,0,0
31241,pr,closed,16,0,14,2,2,0,0,0
31239,pr,closed,64,1,7,0,0,0,0,2
31230,pr,closed,9,1,2,0,0,0,0,0
31227,pr,closed,1,1,0,0,0,0,0,0
31225,pr,closed,3,0,8,1,1,0,0,0
31224,pr,closed,8,0,5,0,0,0,0,0
31205,pr,closed,39,1,3,0,0,0,0,0
31202,pr,closed,94,1,7,1,1,0,0,0
31201,pr,closed,5,0,0,0,0,0,0,0
31198,pr,closed,37,1,0,0,0,0,0,0
31196,pr,closed,2,0,0,0,0,0,0,2
31156,pr,closed,11,1,15,1,1,0,0,0
31139,pr,closed,13,1,3,0,0,0,0,0
31138,pr,closed,0,0,0,0,0,0,0,0
31136,pr,closed,83,0,16,3,3,0,1,3
31132,pr,closed,8,1,1,0,0,0,0,0
31128,pr,closed,6,1,4,1,1,0,0,0
31123,pr,closed,7,1,0,0,0,0,0,1
31121,pr,closed,0,0,0,0,0,0,0,0
31119,pr,closed,1,0,0,0,0,0,0,0
31118,pr,closed,71,1,7,0,0,0,0,0
31115,pr,closed,13,1,17,2,2,0,1,3
31111,pr,closed,16,0,0,0,0,0,0,0
31108,pr,closed,6,0,5,1,1,0,0,1
31101,pr,closed,15,1,0,1,1,0,0,0
31089,pr,closed,0,0,0,0,0,0,0,0
31088,pr,closed,10,1,0,0,0,0,0,0
31083,pr,closed,1,0,2,0,0,0,0,0
31082,pr,closed,45,1,3,0,0,0,0,0
31081,pr,closed,0,0,1,0,0,0,0,0
31080,pr,closed,0,0,0,0,0,0,0,0
31077,pr,closed,80,1,27,0,0,0,0,4
31076,pr,closed,2,0,0,0,0,0,0,0
31075,pr,closed,11,1,8,0,0,0,0,0
31072,pr,closed,9,0,6,1,1,0,0,1
31070,pr,closed,4,0,6,0,0,0,0,0
